public_id,resource_type,format,bytes,created_at,secure_url
main-sample,image,png,1868954,2026-08-05T00:38:13Z,https://res.cloudinary.com/dlhrc91ne/image/upload/v1785890293/main-sample.png
oyhszfdehlsjtkqvomsr,image,jpg,75105,2026-08-04T02:00:55Z,https://res.cloudinary.com/dlhrc91ne/image/upload/v1785808855/oyhszfdehlsjtkqvomsr.jpg
aklrimeimn56g5buzgl2,image,jpg,238830,2026-08-04T02:00:54Z,https://res.cloudinary.com/dlhrc91ne/image/upload/v1785808854/aklrimeimn56g5buzgl2.jpg
dgjeqvs1hkhya9j0ebbb,image,jpg,243706,2026-08-04T02:00:54Z,https://res.cloudinary.com/dlhrc91ne/image/upload/v1785808854/dgjeqvs1hkhya9j0ebbb.jpg
wdedcjoupmb1e5fkmybt,image,jpg,74497,2026-08-04T02:00:50Z,https://res.cloudinary.com/dlhrc91ne/image/upload/v1785808850/wdedcjoupmb1e5fkmybt.jpg
cmk0qfgpodwae1fs25er,image,jpg,240524,2026-08-04T02:00:50Z,https://res.cloudinary.com/dlhrc91ne/image/upload/v1785808850/cmk0qfgpodwae1fs25er.jpg
d9khjpxozp7wckcjue58,image,jpg,244226,2026-08-04T02:00:49Z,https://res.cloudinary.com/dlhrc91ne/image/upload/v1785808849/d9khjpxozp7wckcjue58.jpg
efvo4bxmeztuqy6ca1rm,image,jpg,76500,2026-08-04T02:00:45Z,https://res.cloudinary.com/dlhrc91ne/image/upload/v1785808845/efvo4bxmeztuqy6ca1rm.jpg
nlb40md8cl57ascgttzf,image,jpg,247468,2026-08-04T02:00:45Z,https://res.cloudinary.com/dlhrc91ne/image/upload/v1785808845/nlb40md8cl57ascgttzf.jpg
hwtbfvegaezqewgzicba,image,jpg,249368,2026-08-04T02:00:44Z,https://res.cloudinary.com/dlhrc91ne/image/upload/v1785808844/hwtbfvegaezqewgzicba.jpg
lbcib5uoshbtbsn5wghp,image,jpg,79270,2026-08-04T02:00:41Z,https://res.cloudinary.com/dlhrc91ne/image/upload/v1785808841/lbcib5uoshbtbsn5wghp.jpg
zmxdxiowjlkkfeh7kaxj,image,jpg,250640,2026-08-04T02:00:40Z,https://res.cloudinary.com/dlhrc91ne/image/upload/v1785808840/zmxdxiowjlkkfeh7kaxj.jpg
hv2rvgya40dg0djmowzt,image,jpg,253667,2026-08-04T02:00:40Z,https://res.cloudinary.com/dlhrc91ne/image/upload/v1785808840/hv2rvgya40dg0djmowzt.jpg
wz2ohen699boduuwsdwl,image,jpg,77251,2026-08-04T02:00:36Z,https://res.cloudinary.com/dlhrc91ne/image/upload/v1785808836/wz2ohen699boduuwsdwl.jpg
yergiqvobihcaxiyrpt1,image,jpg,246641,2026-08-04T02:00:35Z,https://res.cloudinary.com/dlhrc91ne/image/upload/v1785808835/yergiqvobihcaxiyrpt1.jpg
yhewvrjruwsyb5i6aeaf,image,jpg,250110,2026-08-04T02:00:34Z,https://res.cloudinary.com/dlhrc91ne/image/upload/v1785808834/yhewvrjruwsyb5i6aeaf.jpg
rbnh7wulawmcwnahdus6,image,jpg,77909,2026-08-04T02:00:30Z,https://res.cloudinary.com/dlhrc91ne/image/upload/v1785808830/rbnh7wulawmcwnahdus6.jpg
st4obenrxk8zcqcas6xp,image,jpg,251462,2026-08-04T02:00:30Z,https://res.cloudinary.com/dlhrc91ne/image/upload/v1785808830/st4obenrxk8zcqcas6xp.jpg
pzihb7lhkufrpm5ptb4r,image,jpg,254104,2026-08-04T02:00:29Z,https://res.cloudinary.com/dlhrc91ne/image/upload/v1785808829/pzihb7lhkufrpm5ptb4r.jpg
jdcbvonyvqknu2kaihgx,image,jpg,83198,2026-08-04T02:00:26Z,https://res.cloudinary.com/dlhrc91ne/image/upload/v1785808826/jdcbvonyvqknu2kaihgx.jpg
angehndg6wtwrwkfnfrr,image,jpg,270312,2026-08-04T02:00:26Z,https://res.cloudinary.com/dlhrc91ne/image/upload/v1785808826/angehndg6wtwrwkfnfrr.jpg
wmvuvbvnc66dmu1l7vfe,image,jpg,268965,2026-08-04T02:00:25Z,https://res.cloudinary.com/dlhrc91ne/image/upload/v1785808825/wmvuvbvnc66dmu1l7vfe.jpg
jafkcuybmiicutr2f0fl,image,jpg,77631,2026-08-04T02:00:21Z,https://res.cloudinary.com/dlhrc91ne/image/upload/v1785808821/jafkcuybmiicutr2f0fl.jpg
kbf41qg4dlsvtcuvo67m,image,jpg,252252,2026-08-04T02:00:21Z,https://res.cloudinary.com/dlhrc91ne/image/upload/v1785808821/kbf41qg4dlsvtcuvo67m.jpg
wb9fqacamr2opatjkksz,image,jpg,254304,2026-08-04T02:00:19Z,https://res.cloudinary.com/dlhrc91ne/image/upload/v1785808819/wb9fqacamr2opatjkksz.jpg
isasx0iwsrj2q8kuzwbl,image,jpg,77773,2026-08-04T02:00:16Z,https://res.cloudinary.com/dlhrc91ne/image/upload/v1785808816/isasx0iwsrj2q8kuzwbl.jpg
zxxwvlsdn53aqjfighj0,image,jpg,250989,2026-08-04T02:00:15Z,https://res.cloudinary.com/dlhrc91ne/image/upload/v1785808815/zxxwvlsdn53aqjfighj0.jpg
slj5grf3xbbdgg30omnp,image,jpg,253709,2026-08-04T02:00:14Z,https://res.cloudinary.com/dlhrc91ne/image/upload/v1785808814/slj5grf3xbbdgg30omnp.jpg
ix6wpok0pf29n6jhktzz,image,jpg,78016,2026-08-04T02:00:10Z,https://res.cloudinary.com/dlhrc91ne/image/upload/v1785808810/ix6wpok0pf29n6jhktzz.jpg
sgutnvabaw066hdegk4k,image,jpg,246766,2026-08-04T02:00:09Z,https://res.cloudinary.com/dlhrc91ne/image/upload/v1785808809/sgutnvabaw066hdegk4k.jpg
az5yib89fnqiqdwr1wym,image,jpg,250415,2026-08-04T02:00:08Z,https://res.cloudinary.com/dlhrc91ne/image/upload/v1785808808/az5yib89fnqiqdwr1wym.jpg
unu24zne9chehpk7zf5j,image,jpg,71775,2026-08-04T02:00:04Z,https://res.cloudinary.com/dlhrc91ne/image/upload/v1785808804/unu24zne9chehpk7zf5j.jpg
m8pni9ma7vx1du3icumr,image,jpg,228305,2026-08-04T02:00:03Z,https://res.cloudinary.com/dlhrc91ne/image/upload/v1785808803/m8pni9ma7vx1du3icumr.jpg
xa99l3tpjthodpjtrnon,image,jpg,233870,2026-08-04T02:00:02Z,https://res.cloudinary.com/dlhrc91ne/image/upload/v1785808802/xa99l3tpjthodpjtrnon.jpg
cuunbxkj24wlyx3hhvuj,image,jpg,71716,2026-08-04T01:59:59Z,https://res.cloudinary.com/dlhrc91ne/image/upload/v1785808799/cuunbxkj24wlyx3hhvuj.jpg
zuysbzkxowbvokks7vnr,image,jpg,229704,2026-08-04T01:59:59Z,https://res.cloudinary.com/dlhrc91ne/image/upload/v1785808799/zuysbzkxowbvokks7vnr.jpg
etfnozffttduwmij39g1,image,jpg,234736,2026-08-04T01:59:58Z,https://res.cloudinary.com/dlhrc91ne/image/upload/v1785808798/etfnozffttduwmij39g1.jpg
j1zqv3f0gwrco2okojc6,image,jpg,75955,2026-08-04T01:59:56Z,https://res.cloudinary.com/dlhrc91ne/image/upload/v1785808796/j1zqv3f0gwrco2okojc6.jpg
x30r2rsszeys6oxnpk9l,image,jpg,243084,2026-08-04T01:59:55Z,https://res.cloudinary.com/dlhrc91ne/image/upload/v1785808795/x30r2rsszeys6oxnpk9l.jpg
ply9ftdyrtsgo4hwr8sl,image,jpg,247373,2026-08-04T01:59:55Z,https://res.cloudinary.com/dlhrc91ne/image/upload/v1785808795/ply9ftdyrtsgo4hwr8sl.jpg
kkubs1fk2n4puq5h2iqf,image,jpg,73906,2026-08-04T01:59:51Z,https://res.cloudinary.com/dlhrc91ne/image/upload/v1785808791/kkubs1fk2n4puq5h2iqf.jpg
dkyawpwc9g5ebt98lvjj,image,jpg,234157,2026-08-04T01:59:50Z,https://res.cloudinary.com/dlhrc91ne/image/upload/v1785808790/dkyawpwc9g5ebt98lvjj.jpg
rxppp00qllq0s7deqkin,image,jpg,238303,2026-08-04T01:59:50Z,https://res.cloudinary.com/dlhrc91ne/image/upload/v1785808790/rxppp00qllq0s7deqkin.jpg
tour_0d971128-98bc-402c-b43c-558be03ea979_ig_post_1784304934269,image,jpg,838685,2026-07-17T16:15:34Z,https://res.cloudinary.com/dlhrc91ne/image/upload/v1784304934/tour_0d971128-98bc-402c-b43c-558be03ea979_ig_post_1784304934269.jpg
tour_0d971128-98bc-402c-b43c-558be03ea979_facebook_1784304905449,image,png,1863683,2026-07-17T16:15:05Z,https://res.cloudinary.com/dlhrc91ne/image/upload/v1784304905/tour_0d971128-98bc-402c-b43c-558be03ea979_facebook_1784304905449.png
tour_0d971128-98bc-402c-b43c-558be03ea979_facebook_1784304876286,image,png,1863683,2026-07-17T16:14:36Z,https://res.cloudinary.com/dlhrc91ne/image/upload/v1784304876/tour_0d971128-98bc-402c-b43c-558be03ea979_facebook_1784304876286.png
tour_0d971128-98bc-402c-b43c-558be03ea979_ig_story_1784304869769,image,jpg,804513,2026-07-17T16:14:30Z,https://res.cloudinary.com/dlhrc91ne/image/upload/v1784304870/tour_0d971128-98bc-402c-b43c-558be03ea979_ig_story_1784304869769.jpg
tour_0d971128-98bc-402c-b43c-558be03ea979_ig_post_1784304862510,image,jpg,838685,2026-07-17T16:14:22Z,https://res.cloudinary.com/dlhrc91ne/image/upload/v1784304862/tour_0d971128-98bc-402c-b43c-558be03ea979_ig_post_1784304862510.jpg
tour_0d971128-98bc-402c-b43c-558be03ea979_ig_story_1784304684901,image,jpg,804513,2026-07-17T16:11:25Z,https://res.cloudinary.com/dlhrc91ne/image/upload/v1784304685/tour_0d971128-98bc-402c-b43c-558be03ea979_ig_story_1784304684901.jpg
tour_0d971128-98bc-402c-b43c-558be03ea979_ig_post_1784304678550,image,jpg,838685,2026-07-17T16:11:19Z,https://res.cloudinary.com/dlhrc91ne/image/upload/v1784304679/tour_0d971128-98bc-402c-b43c-558be03ea979_ig_post_1784304678550.jpg
tz18thlm6yaswjlbayqm,image,jpg,48646,2026-07-15T17:30:26Z,https://res.cloudinary.com/dlhrc91ne/image/upload/v1784136626/tz18thlm6yaswjlbayqm.jpg
jkcrgv52ahnwy6nceqie,image,jpg,246335,2026-07-15T17:30:25Z,https://res.cloudinary.com/dlhrc91ne/image/upload/v1784136625/jkcrgv52ahnwy6nceqie.jpg
msk7waoxg0wx46faelvn,image,jpg,225321,2026-07-15T17:30:24Z,https://res.cloudinary.com/dlhrc91ne/image/upload/v1784136624/msk7waoxg0wx46faelvn.jpg
zywikmagl44w8p5gtayb,image,jpg,76597,2026-07-15T17:10:04Z,https://res.cloudinary.com/dlhrc91ne/image/upload/v1784135404/zywikmagl44w8p5gtayb.jpg
snyy0v7co3d7xqeidxvm,image,jpg,241377,2026-07-15T17:10:03Z,https://res.cloudinary.com/dlhrc91ne/image/upload/v1784135403/snyy0v7co3d7xqeidxvm.jpg
fcer1kbrs7egxgt4ko0x,image,jpg,243589,2026-07-15T17:10:02Z,https://res.cloudinary.com/dlhrc91ne/image/upload/v1784135402/fcer1kbrs7egxgt4ko0x.jpg
zq8nlnvqfpeorrulpxcm,image,jpg,75798,2026-07-15T16:38:17Z,https://res.cloudinary.com/dlhrc91ne/image/upload/v1784133497/zq8nlnvqfpeorrulpxcm.jpg
dnldowj7ti62zcmr88lg,image,jpg,235468,2026-07-15T16:38:15Z,https://res.cloudinary.com/dlhrc91ne/image/upload/v1784133495/dnldowj7ti62zcmr88lg.jpg
tkvgxqijxkkkmtymnipv,image,jpg,238953,2026-07-15T16:38:15Z,https://res.cloudinary.com/dlhrc91ne/image/upload/v1784133495/tkvgxqijxkkkmtymnipv.jpg
dqhwvma5mrhhfpjlkfuv,image,jpg,75472,2026-07-14T19:17:46Z,https://res.cloudinary.com/dlhrc91ne/image/upload/v1784056666/dqhwvma5mrhhfpjlkfuv.jpg
hoe9nwv2pcozyduzaxpx,image,jpg,236457,2026-07-14T19:17:45Z,https://res.cloudinary.com/dlhrc91ne/image/upload/v1784056665/hoe9nwv2pcozyduzaxpx.jpg
ojqyh7g5iz8pdkhlmzya,image,jpg,255997,2026-07-14T19:17:44Z,https://res.cloudinary.com/dlhrc91ne/image/upload/v1784056664/ojqyh7g5iz8pdkhlmzya.jpg
wwvvw6nyrfcsu2fha9xo,image,jpg,74873,2026-07-14T19:17:43Z,https://res.cloudinary.com/dlhrc91ne/image/upload/v1784056663/wwvvw6nyrfcsu2fha9xo.jpg
tv22jxhubioih9pwpast,image,jpg,238879,2026-07-14T19:17:42Z,https://res.cloudinary.com/dlhrc91ne/image/upload/v1784056662/tv22jxhubioih9pwpast.jpg
ekcxlwuuou4kn2euglmj,image,jpg,257182,2026-07-14T19:17:41Z,https://res.cloudinary.com/dlhrc91ne/image/upload/v1784056661/ekcxlwuuou4kn2euglmj.jpg
vgyh02vf5hqfm5tmuvhc,image,jpg,77060,2026-07-14T19:17:40Z,https://res.cloudinary.com/dlhrc91ne/image/upload/v1784056660/vgyh02vf5hqfm5tmuvhc.jpg
sdmvho4exga1xngdtlyp,image,jpg,244729,2026-07-14T19:17:39Z,https://res.cloudinary.com/dlhrc91ne/image/upload/v1784056659/sdmvho4exga1xngdtlyp.jpg
jnyc8agxciopzqfshsra,image,jpg,261843,2026-07-14T19:17:38Z,https://res.cloudinary.com/dlhrc91ne/image/upload/v1784056658/jnyc8agxciopzqfshsra.jpg
zzejeadoqj3zwte6wwvk,image,jpg,77417,2026-07-14T19:17:36Z,https://res.cloudinary.com/dlhrc91ne/image/upload/v1784056656/zzejeadoqj3zwte6wwvk.jpg
sbmtvg3awust4qzpjemt,image,jpg,245150,2026-07-14T19:17:35Z,https://res.cloudinary.com/dlhrc91ne/image/upload/v1784056655/sbmtvg3awust4qzpjemt.jpg
kkwxaddohqafggh9i9z7,image,jpg,262088,2026-07-14T19:17:34Z,https://res.cloudinary.com/dlhrc91ne/image/upload/v1784056654/kkwxaddohqafggh9i9z7.jpg
bqqvz3nyffwymqal96y8,image,jpg,77727,2026-07-14T19:17:33Z,https://res.cloudinary.com/dlhrc91ne/image/upload/v1784056653/bqqvz3nyffwymqal96y8.jpg
o5jnidbfkwjytolrwgs5,image,jpg,243788,2026-07-14T19:17:33Z,https://res.cloudinary.com/dlhrc91ne/image/upload/v1784056653/o5jnidbfkwjytolrwgs5.jpg
p333p8rccgxsmhpn7dp4,image,jpg,261276,2026-07-14T19:17:32Z,https://res.cloudinary.com/dlhrc91ne/image/upload/v1784056652/p333p8rccgxsmhpn7dp4.jpg
ifxaoa5qptwtawyf9ext,image,jpg,78291,2026-07-14T19:17:31Z,https://res.cloudinary.com/dlhrc91ne/image/upload/v1784056651/ifxaoa5qptwtawyf9ext.jpg
x6gn1mkmafbdm0dmpuuz,image,jpg,248385,2026-07-14T19:17:29Z,https://res.cloudinary.com/dlhrc91ne/image/upload/v1784056649/x6gn1mkmafbdm0dmpuuz.jpg
jv9246lgztz8m61upufe,image,jpg,264855,2026-07-14T19:17:28Z,https://res.cloudinary.com/dlhrc91ne/image/upload/v1784056648/jv9246lgztz8m61upufe.jpg
druicg6sd4k3geghyhoi,image,jpg,81678,2026-07-14T19:17:27Z,https://res.cloudinary.com/dlhrc91ne/image/upload/v1784056647/druicg6sd4k3geghyhoi.jpg
oejkbeuxiu991pazkzkx,image,jpg,263207,2026-07-14T19:17:26Z,https://res.cloudinary.com/dlhrc91ne/image/upload/v1784056646/oejkbeuxiu991pazkzkx.jpg
udyyivtpfxfxc8wkev1s,image,jpg,276456,2026-07-14T19:17:25Z,https://res.cloudinary.com/dlhrc91ne/image/upload/v1784056645/udyyivtpfxfxc8wkev1s.jpg
cghtxkyse1v8eu96syap,image,jpg,78538,2026-07-14T19:17:23Z,https://res.cloudinary.com/dlhrc91ne/image/upload/v1784056643/cghtxkyse1v8eu96syap.jpg
exlk9ab9dhsabamnaspt,image,jpg,250528,2026-07-14T19:17:22Z,https://res.cloudinary.com/dlhrc91ne/image/upload/v1784056642/exlk9ab9dhsabamnaspt.jpg
ogog8jtiacagfmr74bwf,image,jpg,266535,2026-07-14T19:17:22Z,https://res.cloudinary.com/dlhrc91ne/image/upload/v1784056642/ogog8jtiacagfmr74bwf.jpg
j6cmavi8k4bdg33alsnq,image,jpg,78396,2026-07-14T19:17:20Z,https://res.cloudinary.com/dlhrc91ne/image/upload/v1784056640/j6cmavi8k4bdg33alsnq.jpg
xm6w57bu4oyirpxwxgr7,image,jpg,248277,2026-07-14T19:17:20Z,https://res.cloudinary.com/dlhrc91ne/image/upload/v1784056640/xm6w57bu4oyirpxwxgr7.jpg
m8s8g7z076zqk3ldtker,image,jpg,265388,2026-07-14T19:17:18Z,https://res.cloudinary.com/dlhrc91ne/image/upload/v1784056638/m8s8g7z076zqk3ldtker.jpg
gzhed4o2zv6i46vuj2cd,image,jpg,77255,2026-07-14T19:17:17Z,https://res.cloudinary.com/dlhrc91ne/image/upload/v1784056637/gzhed4o2zv6i46vuj2cd.jpg
nowe8cezi7jv6nalx0bc,image,jpg,242391,2026-07-14T19:17:16Z,https://res.cloudinary.com/dlhrc91ne/image/upload/v1784056636/nowe8cezi7jv6nalx0bc.jpg
hapjgleqf4fvbrkqufno,image,jpg,260608,2026-07-14T19:17:16Z,https://res.cloudinary.com/dlhrc91ne/image/upload/v1784056636/hapjgleqf4fvbrkqufno.jpg
lmwxiuzopa6duroidvvr,image,jpg,73102,2026-07-14T19:17:14Z,https://res.cloudinary.com/dlhrc91ne/image/upload/v1784056634/lmwxiuzopa6duroidvvr.jpg
oal7wqpaozfp59yl5u9p,image,jpg,228669,2026-07-14T19:17:14Z,https://res.cloudinary.com/dlhrc91ne/image/upload/v1784056634/oal7wqpaozfp59yl5u9p.jpg
kzopr9a4jiljcbhhliib,image,jpg,249292,2026-07-14T19:17:13Z,https://res.cloudinary.com/dlhrc91ne/image/upload/v1784056633/kzopr9a4jiljcbhhliib.jpg
zerrnbby1uvajpgleek2,image,jpg,73136,2026-07-14T19:17:12Z,https://res.cloudinary.com/dlhrc91ne/image/upload/v1784056632/zerrnbby1uvajpgleek2.jpg
jh359b70969jhwjikwzu,image,jpg,230211,2026-07-14T19:17:11Z,https://res.cloudinary.com/dlhrc91ne/image/upload/v1784056631/jh359b70969jhwjikwzu.jpg
dljf7nxkfumbhraehxyh,image,jpg,250733,2026-07-14T19:17:10Z,https://res.cloudinary.com/dlhrc91ne/image/upload/v1784056630/dljf7nxkfumbhraehxyh.jpg
e5264qgb1kw7uqvapwmw,image,jpg,75985,2026-07-14T19:17:09Z,https://res.cloudinary.com/dlhrc91ne/image/upload/v1784056629/e5264qgb1kw7uqvapwmw.jpg
vyrnjwxqrljhxtohauy0,image,jpg,240450,2026-07-14T19:17:08Z,https://res.cloudinary.com/dlhrc91ne/image/upload/v1784056628/vyrnjwxqrljhxtohauy0.jpg
f2ruzrtqnkz26a1wlnl5,image,jpg,259146,2026-07-14T19:17:07Z,https://res.cloudinary.com/dlhrc91ne/image/upload/v1784056627/f2ruzrtqnkz26a1wlnl5.jpg
iyegshpsrynlsn00rchq,image,jpg,75798,2026-07-14T19:17:06Z,https://res.cloudinary.com/dlhrc91ne/image/upload/v1784056626/iyegshpsrynlsn00rchq.jpg
mxu6i2aexx0egvnqjnni,image,jpg,235468,2026-07-14T19:17:05Z,https://res.cloudinary.com/dlhrc91ne/image/upload/v1784056625/mxu6i2aexx0egvnqjnni.jpg
mxh7si5f39qd9ldec2gr,image,jpg,254467,2026-07-14T19:17:04Z,https://res.cloudinary.com/dlhrc91ne/image/upload/v1784056624/mxh7si5f39qd9ldec2gr.jpg
oulqomjha6v0dnggrnvd,image,jpg,75985,2026-07-14T18:54:16Z,https://res.cloudinary.com/dlhrc91ne/image/upload/v1784055256/oulqomjha6v0dnggrnvd.jpg
vmsnctzuh1uahkrtzgmu,image,jpg,240450,2026-07-14T18:54:16Z,https://res.cloudinary.com/dlhrc91ne/image/upload/v1784055256/vmsnctzuh1uahkrtzgmu.jpg
vcuvlrfpgk8cyu0ul6gc,image,jpg,265575,2026-07-14T18:54:15Z,https://res.cloudinary.com/dlhrc91ne/image/upload/v1784055255/vcuvlrfpgk8cyu0ul6gc.jpg
lauvp5za8wqbpkqodqvs,image,jpg,75472,2026-07-14T18:47:32Z,https://res.cloudinary.com/dlhrc91ne/image/upload/v1784054852/lauvp5za8wqbpkqodqvs.jpg
kcsufy6eqyjt1cidqpgm,image,jpg,236457,2026-07-14T18:47:31Z,https://res.cloudinary.com/dlhrc91ne/image/upload/v1784054851/kcsufy6eqyjt1cidqpgm.jpg
hvpypjd0q5hr8hm8hg6n,image,jpg,255997,2026-07-14T18:47:30Z,https://res.cloudinary.com/dlhrc91ne/image/upload/v1784054850/hvpypjd0q5hr8hm8hg6n.jpg
dwevmmiuou8sieelhgg0,image,jpg,74873,2026-07-14T18:47:28Z,https://res.cloudinary.com/dlhrc91ne/image/upload/v1784054848/dwevmmiuou8sieelhgg0.jpg
kfwcynexsriiqjay3ypu,image,jpg,238879,2026-07-14T18:47:28Z,https://res.cloudinary.com/dlhrc91ne/image/upload/v1784054848/kfwcynexsriiqjay3ypu.jpg
ougzziz04w7xoamdikxh,image,jpg,257182,2026-07-14T18:47:27Z,https://res.cloudinary.com/dlhrc91ne/image/upload/v1784054847/ougzziz04w7xoamdikxh.jpg
zshtmkksgkgwnqge4mp9,image,jpg,77060,2026-07-14T18:47:26Z,https://res.cloudinary.com/dlhrc91ne/image/upload/v1784054846/zshtmkksgkgwnqge4mp9.jpg
ap42dlvy5rnsldfatb2w,image,jpg,244729,2026-07-14T18:47:25Z,https://res.cloudinary.com/dlhrc91ne/image/upload/v1784054845/ap42dlvy5rnsldfatb2w.jpg
sigmz5lycm9lsvqgwa90,image,jpg,261843,2026-07-14T18:47:24Z,https://res.cloudinary.com/dlhrc91ne/image/upload/v1784054844/sigmz5lycm9lsvqgwa90.jpg
ttgpo58lemsomgaabgoy,image,jpg,77417,2026-07-14T18:47:23Z,https://res.cloudinary.com/dlhrc91ne/image/upload/v1784054843/ttgpo58lemsomgaabgoy.jpg
xj6gmhq2jpeofe96sitp,image,jpg,245150,2026-07-14T18:47:22Z,https://res.cloudinary.com/dlhrc91ne/image/upload/v1784054842/xj6gmhq2jpeofe96sitp.jpg
rxsn8shczgd742mheyw8,image,jpg,262088,2026-07-14T18:47:22Z,https://res.cloudinary.com/dlhrc91ne/image/upload/v1784054842/rxsn8shczgd742mheyw8.jpg
xvxdfxukqoyamrbete7h,image,jpg,77727,2026-07-14T18:47:20Z,https://res.cloudinary.com/dlhrc91ne/image/upload/v1784054840/xvxdfxukqoyamrbete7h.jpg
je1hha1lir4oeyjlmf28,image,jpg,243788,2026-07-14T18:47:19Z,https://res.cloudinary.com/dlhrc91ne/image/upload/v1784054839/je1hha1lir4oeyjlmf28.jpg
r5hwzecbfsakyfeka7kj,image,jpg,261276,2026-07-14T18:47:18Z,https://res.cloudinary.com/dlhrc91ne/image/upload/v1784054838/r5hwzecbfsakyfeka7kj.jpg
tvfgm9cvhg4v4yq3dolx,image,jpg,78291,2026-07-14T18:47:17Z,https://res.cloudinary.com/dlhrc91ne/image/upload/v1784054837/tvfgm9cvhg4v4yq3dolx.jpg
ueyacusktiz0vcwdbx0s,image,jpg,248385,2026-07-14T18:47:15Z,https://res.cloudinary.com/dlhrc91ne/image/upload/v1784054835/ueyacusktiz0vcwdbx0s.jpg
zmcnxzbayxddskz9hpaj,image,jpg,264855,2026-07-14T18:47:13Z,https://res.cloudinary.com/dlhrc91ne/image/upload/v1784054833/zmcnxzbayxddskz9hpaj.jpg
quxytpmr7sz7hodzllzd,image,jpg,83614,2026-07-14T18:47:12Z,https://res.cloudinary.com/dlhrc91ne/image/upload/v1784054832/quxytpmr7sz7hodzllzd.jpg
zbqnhyuqtzxvsuvb0ce4,image,jpg,270970,2026-07-14T18:47:12Z,https://res.cloudinary.com/dlhrc91ne/image/upload/v1784054832/zbqnhyuqtzxvsuvb0ce4.jpg
jywi1b5gavjclyydhnc1,image,jpg,282379,2026-07-14T18:47:11Z,https://res.cloudinary.com/dlhrc91ne/image/upload/v1784054831/jywi1b5gavjclyydhnc1.jpg
qwfc7bjyjctlf44rckhq,image,jpg,78538,2026-07-14T18:47:10Z,https://res.cloudinary.com/dlhrc91ne/image/upload/v1784054830/qwfc7bjyjctlf44rckhq.jpg
fxfgkxcwsdfsohepbjn5,image,jpg,250528,2026-07-14T18:47:08Z,https://res.cloudinary.com/dlhrc91ne/image/upload/v1784054828/fxfgkxcwsdfsohepbjn5.jpg
tcftiejru78rfuz6zz87,image,jpg,266535,2026-07-14T18:47:07Z,https://res.cloudinary.com/dlhrc91ne/image/upload/v1784054827/tcftiejru78rfuz6zz87.jpg
ls7xy17gbm8fmadt6cd4,image,jpg,78396,2026-07-14T18:47:06Z,https://res.cloudinary.com/dlhrc91ne/image/upload/v1784054826/ls7xy17gbm8fmadt6cd4.jpg
ayhcizwtfhuha72atxkq,image,jpg,248277,2026-07-14T18:47:05Z,https://res.cloudinary.com/dlhrc91ne/image/upload/v1784054825/ayhcizwtfhuha72atxkq.jpg
gcsd0gnreti2hugcqqzd,image,jpg,265388,2026-07-14T18:47:04Z,https://res.cloudinary.com/dlhrc91ne/image/upload/v1784054824/gcsd0gnreti2hugcqqzd.jpg
oseyrfolesfw9urnyd3d,image,jpg,77255,2026-07-14T18:47:02Z,https://res.cloudinary.com/dlhrc91ne/image/upload/v1784054822/oseyrfolesfw9urnyd3d.jpg
bjbtnevuczih3grh9yjt,image,jpg,242391,2026-07-14T18:47:02Z,https://res.cloudinary.com/dlhrc91ne/image/upload/v1784054822/bjbtnevuczih3grh9yjt.jpg
ixbwobptzourer3qvn7b,image,jpg,260608,2026-07-14T18:47:01Z,https://res.cloudinary.com/dlhrc91ne/image/upload/v1784054821/ixbwobptzourer3qvn7b.jpg
hyxkfcgvaqugvtfdu3yk,image,jpg,73102,2026-07-14T18:47:00Z,https://res.cloudinary.com/dlhrc91ne/image/upload/v1784054820/hyxkfcgvaqugvtfdu3yk.jpg
utt6mb0xlr8yntk1zp1q,image,jpg,228669,2026-07-14T18:46:59Z,https://res.cloudinary.com/dlhrc91ne/image/upload/v1784054819/utt6mb0xlr8yntk1zp1q.jpg
vmqu9wjqvhvt4gelp2jt,image,jpg,249292,2026-07-14T18:46:58Z,https://res.cloudinary.com/dlhrc91ne/image/upload/v1784054818/vmqu9wjqvhvt4gelp2jt.jpg
r8k4nmunngttyirkvksp,image,jpg,73136,2026-07-14T18:46:57Z,https://res.cloudinary.com/dlhrc91ne/image/upload/v1784054817/r8k4nmunngttyirkvksp.jpg
szymt4bbo2v4siy3utye,image,jpg,230211,2026-07-14T18:46:56Z,https://res.cloudinary.com/dlhrc91ne/image/upload/v1784054816/szymt4bbo2v4siy3utye.jpg
mcuowh2makztjds6bsqs,image,jpg,250733,2026-07-14T18:46:56Z,https://res.cloudinary.com/dlhrc91ne/image/upload/v1784054816/mcuowh2makztjds6bsqs.jpg
uodbbuipqvifgbny3nbn,image,jpg,74748,2026-07-14T18:46:54Z,https://res.cloudinary.com/dlhrc91ne/image/upload/v1784054814/uodbbuipqvifgbny3nbn.jpg
llvihtrw5na9fawjnqoc,image,jpg,235487,2026-07-14T18:46:54Z,https://res.cloudinary.com/dlhrc91ne/image/upload/v1784054814/llvihtrw5na9fawjnqoc.jpg
w2w5agspmlcrxgmowscv,image,jpg,260687,2026-07-14T18:46:52Z,https://res.cloudinary.com/dlhrc91ne/image/upload/v1784054812/w2w5agspmlcrxgmowscv.jpg
ly5g6z6ov4hlsowxdclm,image,jpg,73136,2026-07-14T18:23:05Z,https://res.cloudinary.com/dlhrc91ne/image/upload/v1784053385/ly5g6z6ov4hlsowxdclm.jpg
vxyoj9qbyl7vw48yx5hb,image,jpg,230211,2026-07-14T18:23:04Z,https://res.cloudinary.com/dlhrc91ne/image/upload/v1784053384/vxyoj9qbyl7vw48yx5hb.jpg
pfpbwijysgzky4nrdhth,image,jpg,248948,2026-07-14T18:23:02Z,https://res.cloudinary.com/dlhrc91ne/image/upload/v1784053382/pfpbwijysgzky4nrdhth.jpg
nwe4ef0mrypkmzlexuqs,image,jpg,74748,2026-07-14T18:22:58Z,https://res.cloudinary.com/dlhrc91ne/image/upload/v1784053378/nwe4ef0mrypkmzlexuqs.jpg
szcxgxeau3yxyvjfzjki,image,jpg,235487,2026-07-14T18:22:57Z,https://res.cloudinary.com/dlhrc91ne/image/upload/v1784053377/szcxgxeau3yxyvjfzjki.jpg
sail1mylgo9jjpbe1d0v,image,jpg,258891,2026-07-14T18:22:56Z,https://res.cloudinary.com/dlhrc91ne/image/upload/v1784053376/sail1mylgo9jjpbe1d0v.jpg
bfhar5kxzzrmlti86ipc,image,jpg,73136,2026-07-14T18:18:19Z,https://res.cloudinary.com/dlhrc91ne/image/upload/v1784053099/bfhar5kxzzrmlti86ipc.jpg
tguzvct0vuw7io9oqgnm,image,jpg,230211,2026-07-14T18:18:18Z,https://res.cloudinary.com/dlhrc91ne/image/upload/v1784053098/tguzvct0vuw7io9oqgnm.jpg
hpdga5br1zub8rqad7xc,image,jpg,253257,2026-07-14T18:18:16Z,https://res.cloudinary.com/dlhrc91ne/image/upload/v1784053096/hpdga5br1zub8rqad7xc.jpg
yaugxxd7tmngn0tpnzzi,image,jpg,75472,2026-07-14T18:11:25Z,https://res.cloudinary.com/dlhrc91ne/image/upload/v1784052685/yaugxxd7tmngn0tpnzzi.jpg
zbusleitrvm8egodq7xe,image,jpg,236457,2026-07-14T18:11:24Z,https://res.cloudinary.com/dlhrc91ne/image/upload/v1784052684/zbusleitrvm8egodq7xe.jpg
mcv72fn1u7ykkahtzzaq,image,jpg,254209,2026-07-14T18:11:23Z,https://res.cloudinary.com/dlhrc91ne/image/upload/v1784052683/mcv72fn1u7ykkahtzzaq.jpg
ve5zoiglyr00xsdbgmct,image,jpg,74873,2026-07-14T18:11:22Z,https://res.cloudinary.com/dlhrc91ne/image/upload/v1784052682/ve5zoiglyr00xsdbgmct.jpg
ipqgj0w1kyprn0cuglaw,image,jpg,238879,2026-07-14T18:11:21Z,https://res.cloudinary.com/dlhrc91ne/image/upload/v1784052681/ipqgj0w1kyprn0cuglaw.jpg
lz9e0sd8p950h3zngbar,image,jpg,255390,2026-07-14T18:11:20Z,https://res.cloudinary.com/dlhrc91ne/image/upload/v1784052680/lz9e0sd8p950h3zngbar.jpg
upkg2lp2nrmhfuf8wykr,image,jpg,77060,2026-07-14T18:11:19Z,https://res.cloudinary.com/dlhrc91ne/image/upload/v1784052679/upkg2lp2nrmhfuf8wykr.jpg
og3akrynezgoxluapyer,image,jpg,244729,2026-07-14T18:11:18Z,https://res.cloudinary.com/dlhrc91ne/image/upload/v1784052678/og3akrynezgoxluapyer.jpg
z45cbhwirsjj4vkgxyhv,image,jpg,260072,2026-07-14T18:11:17Z,https://res.cloudinary.com/dlhrc91ne/image/upload/v1784052677/z45cbhwirsjj4vkgxyhv.jpg
oultlmk5xalb3bkgixtw,image,jpg,77417,2026-07-14T18:11:16Z,https://res.cloudinary.com/dlhrc91ne/image/upload/v1784052676/oultlmk5xalb3bkgixtw.jpg
wj08nrvtmag9uhhalayv,image,jpg,245150,2026-07-14T18:11:15Z,https://res.cloudinary.com/dlhrc91ne/image/upload/v1784052675/wj08nrvtmag9uhhalayv.jpg
c2pcg7nrdxhkr0xpmzhe,image,jpg,260312,2026-07-14T18:11:14Z,https://res.cloudinary.com/dlhrc91ne/image/upload/v1784052674/c2pcg7nrdxhkr0xpmzhe.jpg
bh48vcsq4fqxydtvpvjz,image,jpg,77727,2026-07-14T18:11:13Z,https://res.cloudinary.com/dlhrc91ne/image/upload/v1784052673/bh48vcsq4fqxydtvpvjz.jpg
o8pjdnhunpipg7crkgc8,image,jpg,243788,2026-07-14T18:11:13Z,https://res.cloudinary.com/dlhrc91ne/image/upload/v1784052673/o8pjdnhunpipg7crkgc8.jpg
ooceoslecxadtcx4cuyf,image,jpg,259573,2026-07-14T18:11:12Z,https://res.cloudinary.com/dlhrc91ne/image/upload/v1784052672/ooceoslecxadtcx4cuyf.jpg
sqimbt5ynve7sf2tfu3y,image,jpg,78291,2026-07-14T18:11:11Z,https://res.cloudinary.com/dlhrc91ne/image/upload/v1784052671/sqimbt5ynve7sf2tfu3y.jpg
xxqkre3ptykqqv4r0lvt,image,jpg,248385,2026-07-14T18:11:10Z,https://res.cloudinary.com/dlhrc91ne/image/upload/v1784052670/xxqkre3ptykqqv4r0lvt.jpg
tffsfhgehxy9d4rqxkbq,image,jpg,263080,2026-07-14T18:11:09Z,https://res.cloudinary.com/dlhrc91ne/image/upload/v1784052669/tffsfhgehxy9d4rqxkbq.jpg
ajaaexjmftgsixpcp0qk,image,jpg,83614,2026-07-14T18:11:08Z,https://res.cloudinary.com/dlhrc91ne/image/upload/v1784052668/ajaaexjmftgsixpcp0qk.jpg
vw3i3q2xllpjgscnaubh,image,jpg,270970,2026-07-14T18:11:07Z,https://res.cloudinary.com/dlhrc91ne/image/upload/v1784052667/vw3i3q2xllpjgscnaubh.jpg
dy1pbtofdwyx2f2i7qid,image,jpg,280619,2026-07-14T18:11:06Z,https://res.cloudinary.com/dlhrc91ne/image/upload/v1784052666/dy1pbtofdwyx2f2i7qid.jpg
pgezcocavtmgcjrk6inz,image,jpg,78538,2026-07-14T18:11:05Z,https://res.cloudinary.com/dlhrc91ne/image/upload/v1784052665/pgezcocavtmgcjrk6inz.jpg
xxill1c6evdh177ctrp5,image,jpg,250528,2026-07-14T18:11:04Z,https://res.cloudinary.com/dlhrc91ne/image/upload/v1784052664/xxill1c6evdh177ctrp5.jpg
zk4r1set5i8f1onyigro,image,jpg,264788,2026-07-14T18:11:04Z,https://res.cloudinary.com/dlhrc91ne/image/upload/v1784052664/zk4r1set5i8f1onyigro.jpg
sshexscsbdqwoij3nu3q,image,jpg,78396,2026-07-14T18:11:03Z,https://res.cloudinary.com/dlhrc91ne/image/upload/v1784052663/sshexscsbdqwoij3nu3q.jpg
htukrxhsfamfuxuzidqd,image,jpg,248277,2026-07-14T18:11:02Z,https://res.cloudinary.com/dlhrc91ne/image/upload/v1784052662/htukrxhsfamfuxuzidqd.jpg
spbqtz97iypvxgg0wwwj,image,jpg,263725,2026-07-14T18:11:01Z,https://res.cloudinary.com/dlhrc91ne/image/upload/v1784052661/spbqtz97iypvxgg0wwwj.jpg
x3liy8oy8ijnpemgooo2,image,jpg,77255,2026-07-14T18:11:00Z,https://res.cloudinary.com/dlhrc91ne/image/upload/v1784052660/x3liy8oy8ijnpemgooo2.jpg
dvwegiysjk6ouqbml7vu,image,jpg,242391,2026-07-14T18:10:59Z,https://res.cloudinary.com/dlhrc91ne/image/upload/v1784052659/dvwegiysjk6ouqbml7vu.jpg
b3urncyqztxbscv6xieu,image,jpg,258816,2026-07-14T18:10:58Z,https://res.cloudinary.com/dlhrc91ne/image/upload/v1784052658/b3urncyqztxbscv6xieu.jpg
xyjypkk5wnw8tjqdnfjd,image,jpg,73102,2026-07-14T18:10:57Z,https://res.cloudinary.com/dlhrc91ne/image/upload/v1784052657/xyjypkk5wnw8tjqdnfjd.jpg
hiaaxlczhoo50vhgxs1q,image,jpg,228669,2026-07-14T18:10:57Z,https://res.cloudinary.com/dlhrc91ne/image/upload/v1784052657/hiaaxlczhoo50vhgxs1q.jpg
it1da97ymetqdrekus6b,image,jpg,247498,2026-07-14T18:10:56Z,https://res.cloudinary.com/dlhrc91ne/image/upload/v1784052656/it1da97ymetqdrekus6b.jpg
tour_94765423-ada0-4f9c-8301-c2de5b4db79b_ig_post_1783969718923,image,jpg,370233,2026-07-13T19:08:39Z,https://res.cloudinary.com/dlhrc91ne/image/upload/v1783969719/tour_94765423-ada0-4f9c-8301-c2de5b4db79b_ig_post_1783969718923.jpg
j9wzohhz5btjjwwobira,image,jpg,78291,2026-07-13T19:04:28Z,https://res.cloudinary.com/dlhrc91ne/image/upload/v1783969468/j9wzohhz5btjjwwobira.jpg
aguzaw4zged7krsqoyvs,image,jpg,248385,2026-07-13T19:04:27Z,https://res.cloudinary.com/dlhrc91ne/image/upload/v1783969467/aguzaw4zged7krsqoyvs.jpg
db7o3is2atznroyaikea,image,jpg,263080,2026-07-13T19:04:26Z,https://res.cloudinary.com/dlhrc91ne/image/upload/v1783969466/db7o3is2atznroyaikea.jpg
rcftgmmkhc7imajvxos0,image,jpg,78211,2026-07-13T19:03:32Z,https://res.cloudinary.com/dlhrc91ne/image/upload/v1783969412/rcftgmmkhc7imajvxos0.jpg
eobdo3g7jnuynu33ebc1,image,jpg,248615,2026-07-13T19:03:31Z,https://res.cloudinary.com/dlhrc91ne/image/upload/v1783969411/eobdo3g7jnuynu33ebc1.jpg
zdclietf6dzctdlumvdg,image,jpg,263124,2026-07-13T19:03:30Z,https://res.cloudinary.com/dlhrc91ne/image/upload/v1783969410/zdclietf6dzctdlumvdg.jpg
lfop1rnr4evrsdw8fu9b,image,jpg,78291,2026-07-13T18:55:56Z,https://res.cloudinary.com/dlhrc91ne/image/upload/v1783968956/lfop1rnr4evrsdw8fu9b.jpg
dfbewypgmpv0hl2nt1a2,image,jpg,248385,2026-07-13T18:55:54Z,https://res.cloudinary.com/dlhrc91ne/image/upload/v1783968954/dfbewypgmpv0hl2nt1a2.jpg
tgdmacviuaybe0qqmoox,image,jpg,263080,2026-07-13T18:55:52Z,https://res.cloudinary.com/dlhrc91ne/image/upload/v1783968952/tgdmacviuaybe0qqmoox.jpg
lwa7zb9hb1pmve2lrh6h,image,jpg,78538,2026-07-13T18:52:01Z,https://res.cloudinary.com/dlhrc91ne/image/upload/v1783968721/lwa7zb9hb1pmve2lrh6h.jpg
ec1j9tvdom218judduoz,image,jpg,250528,2026-07-13T18:51:59Z,https://res.cloudinary.com/dlhrc91ne/image/upload/v1783968719/ec1j9tvdom218judduoz.jpg
hnovo7kjveefg4m7zxmp,image,jpg,264788,2026-07-13T18:51:57Z,https://res.cloudinary.com/dlhrc91ne/image/upload/v1783968717/hnovo7kjveefg4m7zxmp.jpg
gvkkajdagin2lianiwnc,image,jpg,75472,2026-07-13T18:50:54Z,https://res.cloudinary.com/dlhrc91ne/image/upload/v1783968654/gvkkajdagin2lianiwnc.jpg
qy8ndmxyfrf6dhqiawev,image,jpg,236457,2026-07-13T18:50:52Z,https://res.cloudinary.com/dlhrc91ne/image/upload/v1783968652/qy8ndmxyfrf6dhqiawev.jpg
vlqafbxfefdmbrjskmbr,image,jpg,254209,2026-07-13T18:50:51Z,https://res.cloudinary.com/dlhrc91ne/image/upload/v1783968651/vlqafbxfefdmbrjskmbr.jpg
zzix6blnf3qg9tfh270b,image,jpg,74873,2026-07-13T18:50:50Z,https://res.cloudinary.com/dlhrc91ne/image/upload/v1783968650/zzix6blnf3qg9tfh270b.jpg
v1gf6755mcfsklvfq80u,image,jpg,238879,2026-07-13T18:50:49Z,https://res.cloudinary.com/dlhrc91ne/image/upload/v1783968649/v1gf6755mcfsklvfq80u.jpg
ocuijq6jyim7tc1ql1et,image,jpg,255390,2026-07-13T18:50:48Z,https://res.cloudinary.com/dlhrc91ne/image/upload/v1783968648/ocuijq6jyim7tc1ql1et.jpg
gpsydnggumoou7mi1hie,image,jpg,77060,2026-07-13T18:50:47Z,https://res.cloudinary.com/dlhrc91ne/image/upload/v1783968647/gpsydnggumoou7mi1hie.jpg
bj06xrep4vpryllhsfxk,image,jpg,244729,2026-07-13T18:50:46Z,https://res.cloudinary.com/dlhrc91ne/image/upload/v1783968646/bj06xrep4vpryllhsfxk.jpg
iikk165hrjwgv9g8v1vi,image,jpg,260072,2026-07-13T18:50:45Z,https://res.cloudinary.com/dlhrc91ne/image/upload/v1783968645/iikk165hrjwgv9g8v1vi.jpg
khrkavcqvyhsmkzhhg33,image,jpg,77417,2026-07-13T18:50:44Z,https://res.cloudinary.com/dlhrc91ne/image/upload/v1783968644/khrkavcqvyhsmkzhhg33.jpg
d1vyauxem7yut98gqrcc,image,jpg,245150,2026-07-13T18:50:43Z,https://res.cloudinary.com/dlhrc91ne/image/upload/v1783968643/d1vyauxem7yut98gqrcc.jpg
sptaljnut8c1nevtszfy,image,jpg,260312,2026-07-13T18:50:42Z,https://res.cloudinary.com/dlhrc91ne/image/upload/v1783968642/sptaljnut8c1nevtszfy.jpg
a8zanho5oipbqy8hrzw0,image,jpg,77727,2026-07-13T18:50:40Z,https://res.cloudinary.com/dlhrc91ne/image/upload/v1783968640/a8zanho5oipbqy8hrzw0.jpg
ypx07lcmzuz866zvul7z,image,jpg,243788,2026-07-13T18:50:39Z,https://res.cloudinary.com/dlhrc91ne/image/upload/v1783968639/ypx07lcmzuz866zvul7z.jpg
vegvbwhjcqmb6hv15nrl,image,jpg,259573,2026-07-13T18:50:38Z,https://res.cloudinary.com/dlhrc91ne/image/upload/v1783968638/vegvbwhjcqmb6hv15nrl.jpg
h3yynqz7j9aqx3xnplav,image,jpg,78291,2026-07-13T18:50:37Z,https://res.cloudinary.com/dlhrc91ne/image/upload/v1783968637/h3yynqz7j9aqx3xnplav.jpg
kqnsl8ffslvgohpm3y71,image,jpg,248385,2026-07-13T18:50:36Z,https://res.cloudinary.com/dlhrc91ne/image/upload/v1783968636/kqnsl8ffslvgohpm3y71.jpg
sqjtvyyre0cpeafta8iw,image,jpg,263080,2026-07-13T18:50:35Z,https://res.cloudinary.com/dlhrc91ne/image/upload/v1783968635/sqjtvyyre0cpeafta8iw.jpg
r57trnidnckynoeqe8wt,image,jpg,83614,2026-07-13T18:50:34Z,https://res.cloudinary.com/dlhrc91ne/image/upload/v1783968634/r57trnidnckynoeqe8wt.jpg
gvg3uoirvkdjlnncn0zu,image,jpg,270970,2026-07-13T18:50:33Z,https://res.cloudinary.com/dlhrc91ne/image/upload/v1783968633/gvg3uoirvkdjlnncn0zu.jpg
il6je4qatz8d6ubv1xfp,image,jpg,280619,2026-07-13T18:50:32Z,https://res.cloudinary.com/dlhrc91ne/image/upload/v1783968632/il6je4qatz8d6ubv1xfp.jpg
rit1z2vrg7mu8a5pt0cf,image,jpg,78470,2026-07-13T18:50:32Z,https://res.cloudinary.com/dlhrc91ne/image/upload/v1783968632/rit1z2vrg7mu8a5pt0cf.jpg
jgftan9mlzwaulsqbl1l,image,jpg,250083,2026-07-13T18:50:31Z,https://res.cloudinary.com/dlhrc91ne/image/upload/v1783968631/jgftan9mlzwaulsqbl1l.jpg
hzb8ikishdtplz5ftjfw,image,jpg,264487,2026-07-13T18:50:30Z,https://res.cloudinary.com/dlhrc91ne/image/upload/v1783968630/hzb8ikishdtplz5ftjfw.jpg
q2acam0jsmlwlsmgmadw,image,jpg,78396,2026-07-13T18:50:29Z,https://res.cloudinary.com/dlhrc91ne/image/upload/v1783968629/q2acam0jsmlwlsmgmadw.jpg
elv6eqftnrhxno7rm9ld,image,jpg,248277,2026-07-13T18:50:28Z,https://res.cloudinary.com/dlhrc91ne/image/upload/v1783968628/elv6eqftnrhxno7rm9ld.jpg
pixcaby8ksp79dci0scj,image,jpg,263725,2026-07-13T18:50:27Z,https://res.cloudinary.com/dlhrc91ne/image/upload/v1783968627/pixcaby8ksp79dci0scj.jpg
tshbi9iygr54rdfoftbt,image,jpg,77255,2026-07-13T18:50:26Z,https://res.cloudinary.com/dlhrc91ne/image/upload/v1783968626/tshbi9iygr54rdfoftbt.jpg
ze1rlvqxsjlnd9a7qxum,image,jpg,242391,2026-07-13T18:50:25Z,https://res.cloudinary.com/dlhrc91ne/image/upload/v1783968625/ze1rlvqxsjlnd9a7qxum.jpg
a4ajckm8pkpellsj9obs,image,jpg,258816,2026-07-13T18:50:24Z,https://res.cloudinary.com/dlhrc91ne/image/upload/v1783968624/a4ajckm8pkpellsj9obs.jpg
slq0huarmh4y2tocraqy,image,jpg,75472,2026-07-13T17:44:08Z,https://res.cloudinary.com/dlhrc91ne/image/upload/v1783964648/slq0huarmh4y2tocraqy.jpg
oopxjkvmpygfn8j5bivc,image,jpg,236457,2026-07-13T17:44:07Z,https://res.cloudinary.com/dlhrc91ne/image/upload/v1783964647/oopxjkvmpygfn8j5bivc.jpg
qtz5wfdwiut7hydjfdht,image,jpg,254209,2026-07-13T17:44:06Z,https://res.cloudinary.com/dlhrc91ne/image/upload/v1783964646/qtz5wfdwiut7hydjfdht.jpg
qc2jbxtc01fzl8ajxei0,image,jpg,74873,2026-07-13T17:44:05Z,https://res.cloudinary.com/dlhrc91ne/image/upload/v1783964645/qc2jbxtc01fzl8ajxei0.jpg
sjf4tawcpbaydewux1va,image,jpg,238879,2026-07-13T17:44:05Z,https://res.cloudinary.com/dlhrc91ne/image/upload/v1783964645/sjf4tawcpbaydewux1va.jpg
azmi641ktxezb73v8ppg,image,jpg,255390,2026-07-13T17:44:04Z,https://res.cloudinary.com/dlhrc91ne/image/upload/v1783964644/azmi641ktxezb73v8ppg.jpg
il5nnxu6eovlzevaw4cq,image,jpg,77060,2026-07-13T17:44:03Z,https://res.cloudinary.com/dlhrc91ne/image/upload/v1783964643/il5nnxu6eovlzevaw4cq.jpg
aifotuwviwbj5uoyojen,image,jpg,244729,2026-07-13T17:44:02Z,https://res.cloudinary.com/dlhrc91ne/image/upload/v1783964642/aifotuwviwbj5uoyojen.jpg
hgyofizjyszn9ny67zth,image,jpg,260072,2026-07-13T17:44:01Z,https://res.cloudinary.com/dlhrc91ne/image/upload/v1783964641/hgyofizjyszn9ny67zth.jpg
x4zmx2g6ks5m7rhf1grx,image,jpg,77417,2026-07-13T17:44:00Z,https://res.cloudinary.com/dlhrc91ne/image/upload/v1783964640/x4zmx2g6ks5m7rhf1grx.jpg
jq5hfrrksbwmlbhgcxcb,image,jpg,245150,2026-07-13T17:43:59Z,https://res.cloudinary.com/dlhrc91ne/image/upload/v1783964639/jq5hfrrksbwmlbhgcxcb.jpg
magupid9infgkcxpinj0,image,jpg,260312,2026-07-13T17:43:58Z,https://res.cloudinary.com/dlhrc91ne/image/upload/v1783964638/magupid9infgkcxpinj0.jpg
c6qogwbzgujsqwaubjdj,image,jpg,77727,2026-07-13T17:43:58Z,https://res.cloudinary.com/dlhrc91ne/image/upload/v1783964638/c6qogwbzgujsqwaubjdj.jpg
y8leenh5o0hulkfjgk0c,image,jpg,243788,2026-07-13T17:43:57Z,https://res.cloudinary.com/dlhrc91ne/image/upload/v1783964637/y8leenh5o0hulkfjgk0c.jpg
dd60kltnzw33cp0yiuu6,image,jpg,259573,2026-07-13T17:43:56Z,https://res.cloudinary.com/dlhrc91ne/image/upload/v1783964636/dd60kltnzw33cp0yiuu6.jpg
gfopm6oahiu47uezcccb,image,jpg,78291,2026-07-13T17:43:55Z,https://res.cloudinary.com/dlhrc91ne/image/upload/v1783964635/gfopm6oahiu47uezcccb.jpg
oz8ngogikkttsb4ahjum,image,jpg,248385,2026-07-13T17:43:54Z,https://res.cloudinary.com/dlhrc91ne/image/upload/v1783964634/oz8ngogikkttsb4ahjum.jpg
bc3zq6e1qpklj40aykhd,image,jpg,263080,2026-07-13T17:43:53Z,https://res.cloudinary.com/dlhrc91ne/image/upload/v1783964633/bc3zq6e1qpklj40aykhd.jpg
xwi2yrf0gupg2oqikqt0,image,jpg,83707,2026-07-13T17:43:52Z,https://res.cloudinary.com/dlhrc91ne/image/upload/v1783964632/xwi2yrf0gupg2oqikqt0.jpg
yr8petivbu2bjtp3aujn,image,jpg,271017,2026-07-13T17:43:52Z,https://res.cloudinary.com/dlhrc91ne/image/upload/v1783964632/yr8petivbu2bjtp3aujn.jpg
uy1mn6poag2fsjvocoip,image,jpg,280194,2026-07-13T17:43:51Z,https://res.cloudinary.com/dlhrc91ne/image/upload/v1783964631/uy1mn6poag2fsjvocoip.jpg
vhmsi85d3v8ea0hvsbqs,image,jpg,78470,2026-07-13T17:43:50Z,https://res.cloudinary.com/dlhrc91ne/image/upload/v1783964630/vhmsi85d3v8ea0hvsbqs.jpg
c4teijm4mh4lcdwzgajl,image,jpg,250083,2026-07-13T17:43:49Z,https://res.cloudinary.com/dlhrc91ne/image/upload/v1783964629/c4teijm4mh4lcdwzgajl.jpg
pssn3emgoip36ifpatkt,image,jpg,264487,2026-07-13T17:43:48Z,https://res.cloudinary.com/dlhrc91ne/image/upload/v1783964628/pssn3emgoip36ifpatkt.jpg
zbjpym1nse30s0dd5wix,image,jpg,78396,2026-07-13T17:43:47Z,https://res.cloudinary.com/dlhrc91ne/image/upload/v1783964627/zbjpym1nse30s0dd5wix.jpg
i8xeq1nfczgaxyozkfjr,image,jpg,248277,2026-07-13T17:43:46Z,https://res.cloudinary.com/dlhrc91ne/image/upload/v1783964626/i8xeq1nfczgaxyozkfjr.jpg
t1pvzukku0sqhlmpw74x,image,jpg,263725,2026-07-13T17:43:45Z,https://res.cloudinary.com/dlhrc91ne/image/upload/v1783964625/t1pvzukku0sqhlmpw74x.jpg
hfqb40hw7ordvvzargwj,image,jpg,77255,2026-07-13T17:43:44Z,https://res.cloudinary.com/dlhrc91ne/image/upload/v1783964624/hfqb40hw7ordvvzargwj.jpg
xmg0mmmb6xbgoadb8uur,image,jpg,242391,2026-07-13T17:43:43Z,https://res.cloudinary.com/dlhrc91ne/image/upload/v1783964623/xmg0mmmb6xbgoadb8uur.jpg
wpktitrjh3drqwyhpg0v,image,jpg,258816,2026-07-13T17:43:42Z,https://res.cloudinary.com/dlhrc91ne/image/upload/v1783964622/wpktitrjh3drqwyhpg0v.jpg
qyno1bmk2vzf6mf1behg,image,jpg,75472,2026-07-13T17:40:08Z,https://res.cloudinary.com/dlhrc91ne/image/upload/v1783964408/qyno1bmk2vzf6mf1behg.jpg
zrtpxkqs24rw9qirhpmh,image,jpg,243000,2026-07-13T17:40:07Z,https://res.cloudinary.com/dlhrc91ne/image/upload/v1783964407/zrtpxkqs24rw9qirhpmh.jpg
qnm5klkdiaikmdxobvyk,image,jpg,258856,2026-07-13T17:40:07Z,https://res.cloudinary.com/dlhrc91ne/image/upload/v1783964407/qnm5klkdiaikmdxobvyk.jpg
yra4pnp50blpa0sk81v4,image,jpg,74873,2026-07-13T17:40:05Z,https://res.cloudinary.com/dlhrc91ne/image/upload/v1783964405/yra4pnp50blpa0sk81v4.jpg
w7b6d4bblyoj9gkd9fj0,image,jpg,244277,2026-07-13T17:40:04Z,https://res.cloudinary.com/dlhrc91ne/image/upload/v1783964404/w7b6d4bblyoj9gkd9fj0.jpg
kuh6heg62neznzrffvvp,image,jpg,258820,2026-07-13T17:40:03Z,https://res.cloudinary.com/dlhrc91ne/image/upload/v1783964403/kuh6heg62neznzrffvvp.jpg
liongfnu0blylrth5so0,image,jpg,77060,2026-07-13T17:40:02Z,https://res.cloudinary.com/dlhrc91ne/image/upload/v1783964402/liongfnu0blylrth5so0.jpg
s42omjiyho5m8m7hmlob,image,jpg,251520,2026-07-13T17:40:01Z,https://res.cloudinary.com/dlhrc91ne/image/upload/v1783964401/s42omjiyho5m8m7hmlob.jpg
swpr2ypfkdvqyldyezri,image,jpg,263997,2026-07-13T17:40:00Z,https://res.cloudinary.com/dlhrc91ne/image/upload/v1783964400/swpr2ypfkdvqyldyezri.jpg
sgzb1yjjjxncsn5zzytj,image,jpg,77417,2026-07-13T17:39:58Z,https://res.cloudinary.com/dlhrc91ne/image/upload/v1783964398/sgzb1yjjjxncsn5zzytj.jpg
zc8e7hyrk5ynzo8b3tmy,image,jpg,257052,2026-07-13T17:39:58Z,https://res.cloudinary.com/dlhrc91ne/image/upload/v1783964398/zc8e7hyrk5ynzo8b3tmy.jpg
ixpktvdwgupybbughrbu,image,jpg,264071,2026-07-13T17:39:57Z,https://res.cloudinary.com/dlhrc91ne/image/upload/v1783964397/ixpktvdwgupybbughrbu.jpg
pjrws0xhxmx8ds5znvub,image,jpg,77727,2026-07-13T17:39:56Z,https://res.cloudinary.com/dlhrc91ne/image/upload/v1783964396/pjrws0xhxmx8ds5znvub.jpg
dnus4oh8s5oivau7ixnr,image,jpg,251629,2026-07-13T17:39:55Z,https://res.cloudinary.com/dlhrc91ne/image/upload/v1783964395/dnus4oh8s5oivau7ixnr.jpg
d4dhdxitswyctkpql38n,image,jpg,264185,2026-07-13T17:39:54Z,https://res.cloudinary.com/dlhrc91ne/image/upload/v1783964394/d4dhdxitswyctkpql38n.jpg
vs3r3kdzgij1te8bpbwu,image,jpg,78291,2026-07-13T17:39:53Z,https://res.cloudinary.com/dlhrc91ne/image/upload/v1783964393/vs3r3kdzgij1te8bpbwu.jpg
qbhuxj5y99g0vkfu7pvm,image,jpg,257570,2026-07-13T17:39:52Z,https://res.cloudinary.com/dlhrc91ne/image/upload/v1783964392/qbhuxj5y99g0vkfu7pvm.jpg
ze08dye9s8dpornbvtxc,image,jpg,267497,2026-07-13T17:39:51Z,https://res.cloudinary.com/dlhrc91ne/image/upload/v1783964391/ze08dye9s8dpornbvtxc.jpg
jrm5ignr5rbwfnkjjyhz,image,jpg,83707,2026-07-13T17:39:49Z,https://res.cloudinary.com/dlhrc91ne/image/upload/v1783964389/jrm5ignr5rbwfnkjjyhz.jpg
ggq6chcotrxxianzlorr,image,jpg,271936,2026-07-13T17:39:48Z,https://res.cloudinary.com/dlhrc91ne/image/upload/v1783964388/ggq6chcotrxxianzlorr.jpg
pvhmkgvisqwqkbow24vc,image,jpg,284958,2026-07-13T17:39:47Z,https://res.cloudinary.com/dlhrc91ne/image/upload/v1783964387/pvhmkgvisqwqkbow24vc.jpg
jesebkcbf4txrtnf1xes,image,jpg,78470,2026-07-13T17:39:46Z,https://res.cloudinary.com/dlhrc91ne/image/upload/v1783964386/jesebkcbf4txrtnf1xes.jpg
eg5bj6nwnf6ihstpwga5,image,jpg,256511,2026-07-13T17:39:45Z,https://res.cloudinary.com/dlhrc91ne/image/upload/v1783964385/eg5bj6nwnf6ihstpwga5.jpg
tl1yaernmwbpxiasfkwu,image,jpg,269245,2026-07-13T17:39:44Z,https://res.cloudinary.com/dlhrc91ne/image/upload/v1783964384/tl1yaernmwbpxiasfkwu.jpg
sd0hxrswtr336gaqbhvt,image,jpg,78396,2026-07-13T17:39:43Z,https://res.cloudinary.com/dlhrc91ne/image/upload/v1783964383/sd0hxrswtr336gaqbhvt.jpg
cybrhdzu7uiumdjalfsl,image,jpg,257030,2026-07-13T17:39:42Z,https://res.cloudinary.com/dlhrc91ne/image/upload/v1783964382/cybrhdzu7uiumdjalfsl.jpg
vbzxlcvj0jecmsutj4av,image,jpg,268526,2026-07-13T17:39:41Z,https://res.cloudinary.com/dlhrc91ne/image/upload/v1783964381/vbzxlcvj0jecmsutj4av.jpg
xulflgaeybzxkwni5npi,image,jpg,77255,2026-07-13T17:39:40Z,https://res.cloudinary.com/dlhrc91ne/image/upload/v1783964380/xulflgaeybzxkwni5npi.jpg
b1v9c1ntxmdf4ndyoeon,image,jpg,252014,2026-07-13T17:39:39Z,https://res.cloudinary.com/dlhrc91ne/image/upload/v1783964379/b1v9c1ntxmdf4ndyoeon.jpg
ibkjtzhwmuojnpdryyfl,image,jpg,262645,2026-07-13T17:39:38Z,https://res.cloudinary.com/dlhrc91ne/image/upload/v1783964378/ibkjtzhwmuojnpdryyfl.jpg
azv2nvfsvcwakpo3ajoe,image,jpg,108243,2026-07-13T17:09:38Z,https://res.cloudinary.com/dlhrc91ne/image/upload/v1783962578/azv2nvfsvcwakpo3ajoe.jpg
tabaxtxbw2qwpnmn6scc,image,jpg,356240,2026-07-13T17:09:37Z,https://res.cloudinary.com/dlhrc91ne/image/upload/v1783962577/tabaxtxbw2qwpnmn6scc.jpg
kkn4tsr1h2tqrw5vijnx,image,jpg,372270,2026-07-13T17:09:36Z,https://res.cloudinary.com/dlhrc91ne/image/upload/v1783962576/kkn4tsr1h2tqrw5vijnx.jpg
acxghxumyyujnupboqv3,image,jpg,104470,2026-07-13T16:49:45Z,https://res.cloudinary.com/dlhrc91ne/image/upload/v1783961385/acxghxumyyujnupboqv3.jpg
t6ztiqtjbebueiiws6fv,image,jpg,341500,2026-07-13T16:49:44Z,https://res.cloudinary.com/dlhrc91ne/image/upload/v1783961384/t6ztiqtjbebueiiws6fv.jpg
kq7kiydawqnjp1jrivka,image,jpg,362005,2026-07-13T16:49:43Z,https://res.cloudinary.com/dlhrc91ne/image/upload/v1783961383/kq7kiydawqnjp1jrivka.jpg
z6icyd4jkfncmyghzbqc,image,jpg,104189,2026-07-13T16:49:41Z,https://res.cloudinary.com/dlhrc91ne/image/upload/v1783961381/z6icyd4jkfncmyghzbqc.jpg
njvm5avg2zknpo9uhkne,image,jpg,344560,2026-07-13T16:49:41Z,https://res.cloudinary.com/dlhrc91ne/image/upload/v1783961381/njvm5avg2zknpo9uhkne.jpg
hzag6w7rjxgjgse3sqen,image,jpg,363896,2026-07-13T16:49:39Z,https://res.cloudinary.com/dlhrc91ne/image/upload/v1783961379/hzag6w7rjxgjgse3sqen.jpg
wa4d67gxhxtzclnrjvjc,image,jpg,106566,2026-07-13T16:49:38Z,https://res.cloudinary.com/dlhrc91ne/image/upload/v1783961378/wa4d67gxhxtzclnrjvjc.jpg
wtvjwoojku4b3kd2tu9d,image,jpg,350835,2026-07-13T16:49:37Z,https://res.cloudinary.com/dlhrc91ne/image/upload/v1783961377/wtvjwoojku4b3kd2tu9d.jpg
kld4lbnei9t1knfwqc40,image,jpg,370233,2026-07-13T16:49:35Z,https://res.cloudinary.com/dlhrc91ne/image/upload/v1783961375/kld4lbnei9t1knfwqc40.jpg
gzwrgudvodzuifgtvqa9,image,jpg,107988,2026-07-13T16:49:33Z,https://res.cloudinary.com/dlhrc91ne/image/upload/v1783961373/gzwrgudvodzuifgtvqa9.jpg
bcstz6cj1ffugqeb17nj,image,jpg,352242,2026-07-13T16:49:33Z,https://res.cloudinary.com/dlhrc91ne/image/upload/v1783961373/bcstz6cj1ffugqeb17nj.jpg
anadwfqubuxi9kd18csk,image,jpg,371459,2026-07-13T16:49:31Z,https://res.cloudinary.com/dlhrc91ne/image/upload/v1783961371/anadwfqubuxi9kd18csk.jpg
rzkbpcmtsqlhlqswkgcz,image,jpg,107413,2026-07-13T16:49:29Z,https://res.cloudinary.com/dlhrc91ne/image/upload/v1783961369/rzkbpcmtsqlhlqswkgcz.jpg
ltzbai2du0n5cadvkhut,image,jpg,350134,2026-07-13T16:49:28Z,https://res.cloudinary.com/dlhrc91ne/image/upload/v1783961368/ltzbai2du0n5cadvkhut.jpg
xanrore8zjkbxuldfgl2,image,jpg,370294,2026-07-13T16:49:27Z,https://res.cloudinary.com/dlhrc91ne/image/upload/v1783961367/xanrore8zjkbxuldfgl2.jpg
szhjf7y3jfcbc5mnlwns,image,jpg,108357,2026-07-13T16:49:25Z,https://res.cloudinary.com/dlhrc91ne/image/upload/v1783961365/szhjf7y3jfcbc5mnlwns.jpg
owg3phky5xoc9v9a7gdl,image,jpg,356464,2026-07-13T16:49:24Z,https://res.cloudinary.com/dlhrc91ne/image/upload/v1783961364/owg3phky5xoc9v9a7gdl.jpg
jxrcnmnfmrldnhv4w3bx,image,jpg,374139,2026-07-13T16:49:23Z,https://res.cloudinary.com/dlhrc91ne/image/upload/v1783961363/jxrcnmnfmrldnhv4w3bx.jpg
njtvmtpatpv3ing5pumr,image,jpg,115463,2026-07-13T16:49:20Z,https://res.cloudinary.com/dlhrc91ne/image/upload/v1783961360/njtvmtpatpv3ing5pumr.jpg
xjk3vo3oeu27l6ltosmk,image,jpg,384680,2026-07-13T16:49:19Z,https://res.cloudinary.com/dlhrc91ne/image/upload/v1783961359/xjk3vo3oeu27l6ltosmk.jpg
vxhukdhjeoutkqfbetvy,image,jpg,399239,2026-07-13T16:49:18Z,https://res.cloudinary.com/dlhrc91ne/image/upload/v1783961358/vxhukdhjeoutkqfbetvy.jpg
tddb3dzhsqrbefdlp0xn,image,jpg,108579,2026-07-13T16:49:16Z,https://res.cloudinary.com/dlhrc91ne/image/upload/v1783961356/tddb3dzhsqrbefdlp0xn.jpg
ri7fxozf09kybgjfcjro,image,jpg,360089,2026-07-13T16:49:14Z,https://res.cloudinary.com/dlhrc91ne/image/upload/v1783961354/ri7fxozf09kybgjfcjro.jpg
egfwn4vdaktffi28gtkb,image,jpg,377355,2026-07-13T16:49:13Z,https://res.cloudinary.com/dlhrc91ne/image/upload/v1783961353/egfwn4vdaktffi28gtkb.jpg
byefklslbja6iz05f61a,image,jpg,108584,2026-07-13T16:49:12Z,https://res.cloudinary.com/dlhrc91ne/image/upload/v1783961352/byefklslbja6iz05f61a.jpg
utndgpduwpcb7kn3hgry,image,jpg,357716,2026-07-13T16:49:11Z,https://res.cloudinary.com/dlhrc91ne/image/upload/v1783961351/utndgpduwpcb7kn3hgry.jpg
idfbpiyahqkcujwhvjjd,image,jpg,376450,2026-07-13T16:49:10Z,https://res.cloudinary.com/dlhrc91ne/image/upload/v1783961350/idfbpiyahqkcujwhvjjd.jpg
iarec4ii6r2r60wb0k7i,image,jpg,107057,2026-07-13T16:49:08Z,https://res.cloudinary.com/dlhrc91ne/image/upload/v1783961348/iarec4ii6r2r60wb0k7i.jpg
kqqrdpvrp60pdqnxg2cn,image,jpg,348507,2026-07-13T16:49:07Z,https://res.cloudinary.com/dlhrc91ne/image/upload/v1783961347/kqqrdpvrp60pdqnxg2cn.jpg
jxdukcfppodujn6iwdw7,image,jpg,369250,2026-07-13T16:49:04Z,https://res.cloudinary.com/dlhrc91ne/image/upload/v1783961344/jxdukcfppodujn6iwdw7.jpg
dwkofgegaedmi30wizet,image,jpg,83614,2026-07-13T16:40:04Z,https://res.cloudinary.com/dlhrc91ne/image/upload/v1783960804/dwkofgegaedmi30wizet.jpg
uftxz5xnjeadz2kka5dc,image,jpg,272679,2026-07-13T16:40:03Z,https://res.cloudinary.com/dlhrc91ne/image/upload/v1783960803/uftxz5xnjeadz2kka5dc.jpg
qd0glkfir0qfhf5qoqo3,image,jpg,280619,2026-07-13T16:40:01Z,https://res.cloudinary.com/dlhrc91ne/image/upload/v1783960801/qd0glkfir0qfhf5qoqo3.jpg
wsttt0jsid200ek5bde6,image,jpg,64480,2026-07-10T14:34:56Z,https://res.cloudinary.com/dlhrc91ne/image/upload/v1783694096/wsttt0jsid200ek5bde6.jpg
y0sfuu9hzzpcmyprs7hf,image,jpg,243000,2026-07-10T14:34:55Z,https://res.cloudinary.com/dlhrc91ne/image/upload/v1783694095/y0sfuu9hzzpcmyprs7hf.jpg
aq2p4m36vlc1azspkgpz,image,jpg,268440,2026-07-10T14:34:54Z,https://res.cloudinary.com/dlhrc91ne/image/upload/v1783694094/aq2p4m36vlc1azspkgpz.jpg
qohtdwcctcnd7rjw4shx,image,jpg,64578,2026-07-10T14:34:53Z,https://res.cloudinary.com/dlhrc91ne/image/upload/v1783694093/qohtdwcctcnd7rjw4shx.jpg
cue7p1dvymwb979jorhy,image,jpg,244277,2026-07-10T14:34:53Z,https://res.cloudinary.com/dlhrc91ne/image/upload/v1783694093/cue7p1dvymwb979jorhy.jpg
vf2njpod0khqqtdwk5fc,image,jpg,269211,2026-07-10T14:34:52Z,https://res.cloudinary.com/dlhrc91ne/image/upload/v1783694092/vf2njpod0khqqtdwk5fc.jpg
r76fqm6xomnsmkdy9amb,image,jpg,65113,2026-07-10T14:34:51Z,https://res.cloudinary.com/dlhrc91ne/image/upload/v1783694091/r76fqm6xomnsmkdy9amb.jpg
udgw1l4oxkjylvcbksrx,image,jpg,251520,2026-07-10T14:34:51Z,https://res.cloudinary.com/dlhrc91ne/image/upload/v1783694091/udgw1l4oxkjylvcbksrx.jpg
cewbspfebyikmgmzqksv,image,jpg,274128,2026-07-10T14:34:50Z,https://res.cloudinary.com/dlhrc91ne/image/upload/v1783694090/cewbspfebyikmgmzqksv.jpg
xezmdbhdfdfq8weofbya,image,jpg,65448,2026-07-10T14:34:49Z,https://res.cloudinary.com/dlhrc91ne/image/upload/v1783694089/xezmdbhdfdfq8weofbya.jpg
yfycv1c1oxnhqdgr7x47,image,jpg,257052,2026-07-10T14:34:49Z,https://res.cloudinary.com/dlhrc91ne/image/upload/v1783694089/yfycv1c1oxnhqdgr7x47.jpg
a3zunnj181ikgd33ovic,image,jpg,278351,2026-07-10T14:34:48Z,https://res.cloudinary.com/dlhrc91ne/image/upload/v1783694088/a3zunnj181ikgd33ovic.jpg
ztxahfvarczkdpdtdcgx,image,jpg,65028,2026-07-10T14:34:47Z,https://res.cloudinary.com/dlhrc91ne/image/upload/v1783694087/ztxahfvarczkdpdtdcgx.jpg
am1i9keis2a0huqnc0ub,image,jpg,251629,2026-07-10T14:34:47Z,https://res.cloudinary.com/dlhrc91ne/image/upload/v1783694087/am1i9keis2a0huqnc0ub.jpg
bbyx7wsrao7fl25agigg,image,jpg,274188,2026-07-10T14:34:46Z,https://res.cloudinary.com/dlhrc91ne/image/upload/v1783694086/bbyx7wsrao7fl25agigg.jpg
xegqp4ibxuybttrprdom,image,jpg,65170,2026-07-10T14:34:45Z,https://res.cloudinary.com/dlhrc91ne/image/upload/v1783694085/xegqp4ibxuybttrprdom.jpg
xpua9su4w312cgjwtwwa,image,jpg,257570,2026-07-10T14:34:44Z,https://res.cloudinary.com/dlhrc91ne/image/upload/v1783694084/xpua9su4w312cgjwtwwa.jpg
dxnso0h8598nno8hjjch,image,jpg,278110,2026-07-10T14:34:44Z,https://res.cloudinary.com/dlhrc91ne/image/upload/v1783694084/dxnso0h8598nno8hjjch.jpg
ainzefuapeiwwocmmst5,image,jpg,65084,2026-07-10T14:34:43Z,https://res.cloudinary.com/dlhrc91ne/image/upload/v1783694083/ainzefuapeiwwocmmst5.jpg
mxevuxuszjtjatky9vmo,image,jpg,253573,2026-07-10T14:34:42Z,https://res.cloudinary.com/dlhrc91ne/image/upload/v1783694082/mxevuxuszjtjatky9vmo.jpg
ijjqeidtmwcjcdujo0kl,image,jpg,276478,2026-07-10T14:34:41Z,https://res.cloudinary.com/dlhrc91ne/image/upload/v1783694081/ijjqeidtmwcjcdujo0kl.jpg
hhvoesi9shu85eqypsij,image,jpg,65385,2026-07-10T14:34:40Z,https://res.cloudinary.com/dlhrc91ne/image/upload/v1783694080/hhvoesi9shu85eqypsij.jpg
ghtrzsgeasanlubwstmo,image,jpg,256511,2026-07-10T14:34:39Z,https://res.cloudinary.com/dlhrc91ne/image/upload/v1783694079/ghtrzsgeasanlubwstmo.jpg
uycq3nlycev3fwscgvse,image,jpg,278517,2026-07-10T14:34:38Z,https://res.cloudinary.com/dlhrc91ne/image/upload/v1783694078/uycq3nlycev3fwscgvse.jpg
pbs5gvca5afbvjwaj55p,image,jpg,65403,2026-07-10T14:34:37Z,https://res.cloudinary.com/dlhrc91ne/image/upload/v1783694077/pbs5gvca5afbvjwaj55p.jpg
ozt41f3zmqv8gk5pqqwv,image,jpg,258552,2026-07-10T14:34:36Z,https://res.cloudinary.com/dlhrc91ne/image/upload/v1783694076/ozt41f3zmqv8gk5pqqwv.jpg
ahkdlehaqlaz9fwtua3k,image,jpg,279855,2026-07-10T14:34:36Z,https://res.cloudinary.com/dlhrc91ne/image/upload/v1783694076/ahkdlehaqlaz9fwtua3k.jpg
jq5nmcug1zxr6etlcdsy,image,jpg,65288,2026-07-10T14:34:35Z,https://res.cloudinary.com/dlhrc91ne/image/upload/v1783694075/jq5nmcug1zxr6etlcdsy.jpg
ct86dbbki0bbofofzxaj,image,jpg,252014,2026-07-10T14:34:34Z,https://res.cloudinary.com/dlhrc91ne/image/upload/v1783694074/ct86dbbki0bbofofzxaj.jpg
ypxkwapkt3whc5vtupaf,image,jpg,275000,2026-07-10T14:34:31Z,https://res.cloudinary.com/dlhrc91ne/image/upload/v1783694071/ypxkwapkt3whc5vtupaf.jpg
sramrxwzfkxdge7f9gyv,image,jpg,80841,2026-07-08T22:49:40Z,https://res.cloudinary.com/dlhrc91ne/image/upload/v1783550980/sramrxwzfkxdge7f9gyv.jpg
lsbezvbnfumxr5cbpdgd,image,jpg,252812,2026-07-08T22:49:39Z,https://res.cloudinary.com/dlhrc91ne/image/upload/v1783550979/lsbezvbnfumxr5cbpdgd.jpg
jpx5qbs3jinfxi4bbtyt,image,jpg,250924,2026-07-08T22:49:39Z,https://res.cloudinary.com/dlhrc91ne/image/upload/v1783550979/jpx5qbs3jinfxi4bbtyt.jpg
ulbdz29guficvhwl6gb6,image,jpg,81370,2026-07-08T22:45:16Z,https://res.cloudinary.com/dlhrc91ne/image/upload/v1783550716/ulbdz29guficvhwl6gb6.jpg
ccni45jb1mp3qhqxceua,image,jpg,257876,2026-07-08T22:45:15Z,https://res.cloudinary.com/dlhrc91ne/image/upload/v1783550715/ccni45jb1mp3qhqxceua.jpg
mtnav3si63kqtp0nwzwk,image,jpg,254516,2026-07-08T22:45:14Z,https://res.cloudinary.com/dlhrc91ne/image/upload/v1783550714/mtnav3si63kqtp0nwzwk.jpg
aflxpdflydgja4x9ptds,image,jpg,78824,2026-07-08T22:41:13Z,https://res.cloudinary.com/dlhrc91ne/image/upload/v1783550473/aflxpdflydgja4x9ptds.jpg
uihkhoxbw8h2rcjwsuch,image,jpg,241287,2026-07-08T22:41:12Z,https://res.cloudinary.com/dlhrc91ne/image/upload/v1783550472/uihkhoxbw8h2rcjwsuch.jpg
w07ld5lppcyhf4ilzqoz,image,jpg,244074,2026-07-08T22:41:11Z,https://res.cloudinary.com/dlhrc91ne/image/upload/v1783550471/w07ld5lppcyhf4ilzqoz.jpg
rparzv3tl9lqpjsjtuvk,image,jpg,78690,2026-07-08T22:41:10Z,https://res.cloudinary.com/dlhrc91ne/image/upload/v1783550470/rparzv3tl9lqpjsjtuvk.jpg
anhjpagde5un2gmqzwsp,image,jpg,243115,2026-07-08T22:41:10Z,https://res.cloudinary.com/dlhrc91ne/image/upload/v1783550470/anhjpagde5un2gmqzwsp.jpg
xxzat6if1ac6aagacudy,image,jpg,244918,2026-07-08T22:41:09Z,https://res.cloudinary.com/dlhrc91ne/image/upload/v1783550469/xxzat6if1ac6aagacudy.jpg
aufruzdhuu6yf6pgv8qq,image,jpg,80189,2026-07-08T22:41:08Z,https://res.cloudinary.com/dlhrc91ne/image/upload/v1783550468/aufruzdhuu6yf6pgv8qq.jpg
ogwgp4ctr6sh0mt6znvo,image,jpg,250153,2026-07-08T22:41:08Z,https://res.cloudinary.com/dlhrc91ne/image/upload/v1783550468/ogwgp4ctr6sh0mt6znvo.jpg
dsjqopse8kvysty9orbq,image,jpg,249848,2026-07-08T22:41:07Z,https://res.cloudinary.com/dlhrc91ne/image/upload/v1783550467/dsjqopse8kvysty9orbq.jpg
dpawcaavlo6e10zsrgsm,image,jpg,78201,2026-07-08T22:41:06Z,https://res.cloudinary.com/dlhrc91ne/image/upload/v1783550466/dpawcaavlo6e10zsrgsm.jpg
queuna2gykooydaclvwb,image,jpg,235013,2026-07-08T22:41:06Z,https://res.cloudinary.com/dlhrc91ne/image/upload/v1783550466/queuna2gykooydaclvwb.jpg
jioe5d271avpjasxvvkw,image,jpg,238393,2026-07-08T22:41:05Z,https://res.cloudinary.com/dlhrc91ne/image/upload/v1783550465/jioe5d271avpjasxvvkw.jpg
xrmtrhrplbc6omhcyrcq,image,jpg,81104,2026-07-08T22:41:04Z,https://res.cloudinary.com/dlhrc91ne/image/upload/v1783550464/xrmtrhrplbc6omhcyrcq.jpg
xwh3zf7pvgysbhfdjbgn,image,jpg,250941,2026-07-08T22:41:03Z,https://res.cloudinary.com/dlhrc91ne/image/upload/v1783550463/xwh3zf7pvgysbhfdjbgn.jpg
gcv54thkpthgcdlnsrzd,image,jpg,250114,2026-07-08T22:41:02Z,https://res.cloudinary.com/dlhrc91ne/image/upload/v1783550462/gcv54thkpthgcdlnsrzd.jpg
begl0prhkyss8w55dcae,image,jpg,81517,2026-07-08T22:41:01Z,https://res.cloudinary.com/dlhrc91ne/image/upload/v1783550461/begl0prhkyss8w55dcae.jpg
nta9pphlmc2n23kbrycc,image,jpg,255958,2026-07-08T22:41:01Z,https://res.cloudinary.com/dlhrc91ne/image/upload/v1783550461/nta9pphlmc2n23kbrycc.jpg
rlovjvxy01xtini71xrz,image,jpg,254361,2026-07-08T22:41:00Z,https://res.cloudinary.com/dlhrc91ne/image/upload/v1783550460/rlovjvxy01xtini71xrz.jpg
djpa30ezuucsab8lsi5w,image,jpg,81226,2026-07-08T22:40:59Z,https://res.cloudinary.com/dlhrc91ne/image/upload/v1783550459/djpa30ezuucsab8lsi5w.jpg
epzxqhuvgwbhbei8xdrg,image,jpg,250443,2026-07-08T22:40:59Z,https://res.cloudinary.com/dlhrc91ne/image/upload/v1783550459/epzxqhuvgwbhbei8xdrg.jpg
vvoyphntyoo7bznqhfzo,image,jpg,252483,2026-07-08T22:40:58Z,https://res.cloudinary.com/dlhrc91ne/image/upload/v1783550458/vvoyphntyoo7bznqhfzo.jpg
ubsqmj0omllr6cyqxpng,image,jpg,81544,2026-07-08T22:40:57Z,https://res.cloudinary.com/dlhrc91ne/image/upload/v1783550457/ubsqmj0omllr6cyqxpng.jpg
rcvizmvleoquvuncxvmp,image,jpg,255392,2026-07-08T22:40:57Z,https://res.cloudinary.com/dlhrc91ne/image/upload/v1783550457/rcvizmvleoquvuncxvmp.jpg
ez8np9hmtvqwcddcujsw,image,jpg,254338,2026-07-08T22:40:56Z,https://res.cloudinary.com/dlhrc91ne/image/upload/v1783550456/ez8np9hmtvqwcddcujsw.jpg
wj2ikwzlzftezuaosutm,image,jpg,82315,2026-07-08T22:40:55Z,https://res.cloudinary.com/dlhrc91ne/image/upload/v1783550455/wj2ikwzlzftezuaosutm.jpg
ouchhmokghif7stmdsjt,image,jpg,257948,2026-07-08T22:40:54Z,https://res.cloudinary.com/dlhrc91ne/image/upload/v1783550454/ouchhmokghif7stmdsjt.jpg
fzxicixbzv0xtavxdfvl,image,jpg,255880,2026-07-08T22:40:53Z,https://res.cloudinary.com/dlhrc91ne/image/upload/v1783550453/fzxicixbzv0xtavxdfvl.jpg
jtgfp8kjvirzxmrr56tu,image,jpg,80841,2026-07-08T22:40:52Z,https://res.cloudinary.com/dlhrc91ne/image/upload/v1783550452/jtgfp8kjvirzxmrr56tu.jpg
pga49pqpsu8edypcminr,image,jpg,252812,2026-07-08T22:40:52Z,https://res.cloudinary.com/dlhrc91ne/image/upload/v1783550452/pga49pqpsu8edypcminr.jpg
jbqrdoeuvhcxqmx0qyn5,image,jpg,250924,2026-07-08T22:40:51Z,https://res.cloudinary.com/dlhrc91ne/image/upload/v1783550451/jbqrdoeuvhcxqmx0qyn5.jpg
adiggbkdjv03rvinbggo,image,jpg,78856,2026-07-08T22:27:47Z,https://res.cloudinary.com/dlhrc91ne/image/upload/v1783549667/adiggbkdjv03rvinbggo.jpg
svotx99hgnqjh6kwn09v,image,jpg,244737,2026-07-08T22:27:47Z,https://res.cloudinary.com/dlhrc91ne/image/upload/v1783549667/svotx99hgnqjh6kwn09v.jpg
n654nh8khebdg5wzdcua,image,jpg,244038,2026-07-08T22:27:46Z,https://res.cloudinary.com/dlhrc91ne/image/upload/v1783549666/n654nh8khebdg5wzdcua.jpg
f33klrhpzw6kjczk5o19,image,jpg,78733,2026-07-08T22:27:46Z,https://res.cloudinary.com/dlhrc91ne/image/upload/v1783549666/f33klrhpzw6kjczk5o19.jpg
zqdgg0nca4zynpitvkss,image,jpg,245945,2026-07-08T22:27:45Z,https://res.cloudinary.com/dlhrc91ne/image/upload/v1783549665/zqdgg0nca4zynpitvkss.jpg
gyt8mhmjtyvzwby7yc3v,image,jpg,244862,2026-07-08T22:27:44Z,https://res.cloudinary.com/dlhrc91ne/image/upload/v1783549664/gyt8mhmjtyvzwby7yc3v.jpg
sys41bdf1tazouuiizt2,image,jpg,80199,2026-07-08T22:27:44Z,https://res.cloudinary.com/dlhrc91ne/image/upload/v1783549664/sys41bdf1tazouuiizt2.jpg
xstl4aba3fbajxuv950k,image,jpg,253539,2026-07-08T22:27:43Z,https://res.cloudinary.com/dlhrc91ne/image/upload/v1783549663/xstl4aba3fbajxuv950k.jpg
djbf4u9dorpuqeyilcz7,image,jpg,249815,2026-07-08T22:27:42Z,https://res.cloudinary.com/dlhrc91ne/image/upload/v1783549662/djbf4u9dorpuqeyilcz7.jpg
hgv1vyumzstx4l4yixp3,image,jpg,78215,2026-07-08T22:27:41Z,https://res.cloudinary.com/dlhrc91ne/image/upload/v1783549661/hgv1vyumzstx4l4yixp3.jpg
bwbe6ftywsqbwsgz2hj5,image,jpg,238030,2026-07-08T22:27:41Z,https://res.cloudinary.com/dlhrc91ne/image/upload/v1783549661/bwbe6ftywsqbwsgz2hj5.jpg
ffaf3dtsiodthixbse4x,image,jpg,238401,2026-07-08T22:27:40Z,https://res.cloudinary.com/dlhrc91ne/image/upload/v1783549660/ffaf3dtsiodthixbse4x.jpg
zpcgx3basnzo71if0nnu,image,jpg,81091,2026-07-08T22:27:39Z,https://res.cloudinary.com/dlhrc91ne/image/upload/v1783549659/zpcgx3basnzo71if0nnu.jpg
wiidotjcsslfqjcyatj5,image,jpg,253953,2026-07-08T22:27:39Z,https://res.cloudinary.com/dlhrc91ne/image/upload/v1783549659/wiidotjcsslfqjcyatj5.jpg
c6bckmnfkdt24ibka2we,image,jpg,250114,2026-07-08T22:27:38Z,https://res.cloudinary.com/dlhrc91ne/image/upload/v1783549658/c6bckmnfkdt24ibka2we.jpg
nhrafjhh1gc8navuhdmy,image,jpg,81563,2026-07-08T22:27:37Z,https://res.cloudinary.com/dlhrc91ne/image/upload/v1783549657/nhrafjhh1gc8navuhdmy.jpg
rqsdyi3n9koq37ojfvu6,image,jpg,260027,2026-07-08T22:27:37Z,https://res.cloudinary.com/dlhrc91ne/image/upload/v1783549657/rqsdyi3n9koq37ojfvu6.jpg
xze61bvacs0b4uwpesfe,image,jpg,254327,2026-07-08T22:27:36Z,https://res.cloudinary.com/dlhrc91ne/image/upload/v1783549656/xze61bvacs0b4uwpesfe.jpg
opnxyefssgguczbpbjsu,image,jpg,81225,2026-07-08T22:27:35Z,https://res.cloudinary.com/dlhrc91ne/image/upload/v1783549655/opnxyefssgguczbpbjsu.jpg
p9y0rdfjqprwcz2zd6p3,image,jpg,253370,2026-07-08T22:27:35Z,https://res.cloudinary.com/dlhrc91ne/image/upload/v1783549655/p9y0rdfjqprwcz2zd6p3.jpg
l3q1zz4wkxzcfudqsdvv,image,jpg,252489,2026-07-08T22:27:34Z,https://res.cloudinary.com/dlhrc91ne/image/upload/v1783549654/l3q1zz4wkxzcfudqsdvv.jpg
dzv5chjrdiutd0istxnp,image,jpg,81508,2026-07-08T22:27:33Z,https://res.cloudinary.com/dlhrc91ne/image/upload/v1783549653/dzv5chjrdiutd0istxnp.jpg
briytykff2vkeuo6bzc9,image,jpg,258636,2026-07-08T22:27:33Z,https://res.cloudinary.com/dlhrc91ne/image/upload/v1783549653/briytykff2vkeuo6bzc9.jpg
ylb01mz6taurkif90bgh,image,jpg,254309,2026-07-08T22:27:32Z,https://res.cloudinary.com/dlhrc91ne/image/upload/v1783549652/ylb01mz6taurkif90bgh.jpg
bugtgwchz0a5xtute4ka,image,jpg,82352,2026-07-08T22:27:31Z,https://res.cloudinary.com/dlhrc91ne/image/upload/v1783549651/bugtgwchz0a5xtute4ka.jpg
m9ut0zyca5mqzh1rni9u,image,jpg,261748,2026-07-08T22:27:31Z,https://res.cloudinary.com/dlhrc91ne/image/upload/v1783549651/m9ut0zyca5mqzh1rni9u.jpg
pf9r8fsl7qayo5hniq8v,image,jpg,255874,2026-07-08T22:27:30Z,https://res.cloudinary.com/dlhrc91ne/image/upload/v1783549650/pf9r8fsl7qayo5hniq8v.jpg
jdzkremvjonpxmnmgcwz,image,jpg,80834,2026-07-08T22:27:29Z,https://res.cloudinary.com/dlhrc91ne/image/upload/v1783549649/jdzkremvjonpxmnmgcwz.jpg
dkebmqppecocpgd9rkxz,image,jpg,255983,2026-07-08T22:27:29Z,https://res.cloudinary.com/dlhrc91ne/image/upload/v1783549649/dkebmqppecocpgd9rkxz.jpg
egnyg3igvrxlmb6jxudc,image,jpg,250847,2026-07-08T22:27:28Z,https://res.cloudinary.com/dlhrc91ne/image/upload/v1783549648/egnyg3igvrxlmb6jxudc.jpg
n6thzhtbqwwgtc2vth7g,image,jpg,76731,2026-07-08T18:58:07Z,https://res.cloudinary.com/dlhrc91ne/image/upload/v1783537087/n6thzhtbqwwgtc2vth7g.jpg
hfuosjpweufidwkv6maf,image,jpg,241201,2026-07-08T18:58:06Z,https://res.cloudinary.com/dlhrc91ne/image/upload/v1783537086/hfuosjpweufidwkv6maf.jpg
qiy5boojgdjdeagiodj4,image,jpg,242036,2026-07-08T18:58:05Z,https://res.cloudinary.com/dlhrc91ne/image/upload/v1783537085/qiy5boojgdjdeagiodj4.jpg
nvtyzqev9rmm6nnjvukk,image,jpg,76431,2026-07-08T18:58:04Z,https://res.cloudinary.com/dlhrc91ne/image/upload/v1783537084/nvtyzqev9rmm6nnjvukk.jpg
l8iqqdbbvqxn2sgpz2cf,image,jpg,242286,2026-07-08T18:58:04Z,https://res.cloudinary.com/dlhrc91ne/image/upload/v1783537084/l8iqqdbbvqxn2sgpz2cf.jpg
z8ge0hzhaufgpq0stemi,image,jpg,248981,2026-07-08T18:58:03Z,https://res.cloudinary.com/dlhrc91ne/image/upload/v1783537083/z8ge0hzhaufgpq0stemi.jpg
qdaho5ytvhp8kckf4cbd,image,jpg,78008,2026-07-08T18:41:58Z,https://res.cloudinary.com/dlhrc91ne/image/upload/v1783536118/qdaho5ytvhp8kckf4cbd.jpg
qruhmer9guncknvrmrau,image,jpg,248400,2026-07-08T18:41:57Z,https://res.cloudinary.com/dlhrc91ne/image/upload/v1783536117/qruhmer9guncknvrmrau.jpg
igpprkryjdxx5m8rrf7h,image,jpg,248138,2026-07-08T18:41:56Z,https://res.cloudinary.com/dlhrc91ne/image/upload/v1783536116/igpprkryjdxx5m8rrf7h.jpg
aticrceus9cmuxq3hpzb,image,jpg,78402,2026-07-08T18:34:40Z,https://res.cloudinary.com/dlhrc91ne/image/upload/v1783535680/aticrceus9cmuxq3hpzb.jpg
goukjcfvh6inygedkhmw,image,jpg,248394,2026-07-08T18:34:39Z,https://res.cloudinary.com/dlhrc91ne/image/upload/v1783535679/goukjcfvh6inygedkhmw.jpg
pi2e3irsz40gbztq8cgi,image,jpg,248178,2026-07-08T18:34:38Z,https://res.cloudinary.com/dlhrc91ne/image/upload/v1783535678/pi2e3irsz40gbztq8cgi.jpg
sdfsxm7gmxbbnxoslzgl,image,jpg,79595,2026-07-08T18:34:37Z,https://res.cloudinary.com/dlhrc91ne/image/upload/v1783535677/sdfsxm7gmxbbnxoslzgl.jpg
g3jyx5ewkbbgnt5kxfd8,image,jpg,253943,2026-07-08T18:34:36Z,https://res.cloudinary.com/dlhrc91ne/image/upload/v1783535676/g3jyx5ewkbbgnt5kxfd8.jpg
tgvsiu1w5nfzakskwmus,image,jpg,251992,2026-07-08T18:34:35Z,https://res.cloudinary.com/dlhrc91ne/image/upload/v1783535675/tgvsiu1w5nfzakskwmus.jpg
lgddmdhkmbbjy9rylw27,image,jpg,78011,2026-07-08T18:34:35Z,https://res.cloudinary.com/dlhrc91ne/image/upload/v1783535675/lgddmdhkmbbjy9rylw27.jpg
buylsnpik8plyldkdgyh,image,jpg,254160,2026-07-08T18:34:34Z,https://res.cloudinary.com/dlhrc91ne/image/upload/v1783535674/buylsnpik8plyldkdgyh.jpg
bavmb76iog41k2icfxsu,image,jpg,252720,2026-07-08T18:34:33Z,https://res.cloudinary.com/dlhrc91ne/image/upload/v1783535673/bavmb76iog41k2icfxsu.jpg
r4dd6kdmzee39bgkwzmy,image,jpg,73716,2026-07-08T18:25:38Z,https://res.cloudinary.com/dlhrc91ne/image/upload/v1783535138/r4dd6kdmzee39bgkwzmy.jpg
jlhampvv6ku4ybsusrde,image,jpg,234526,2026-07-08T18:25:37Z,https://res.cloudinary.com/dlhrc91ne/image/upload/v1783535137/jlhampvv6ku4ybsusrde.jpg
ckthgmob1uk7iqpeff4b,image,jpg,238625,2026-07-08T18:25:37Z,https://res.cloudinary.com/dlhrc91ne/image/upload/v1783535137/ckthgmob1uk7iqpeff4b.jpg
w72c4acn9nbzsbsdjin8,image,jpg,73706,2026-07-08T18:25:36Z,https://res.cloudinary.com/dlhrc91ne/image/upload/v1783535136/w72c4acn9nbzsbsdjin8.jpg
kbx6tyy0tywavc4yg4ff,image,jpg,236198,2026-07-08T18:25:35Z,https://res.cloudinary.com/dlhrc91ne/image/upload/v1783535135/kbx6tyy0tywavc4yg4ff.jpg
jpblaowytij6llu1mwer,image,jpg,240010,2026-07-08T18:25:34Z,https://res.cloudinary.com/dlhrc91ne/image/upload/v1783535134/jpblaowytij6llu1mwer.jpg
vmzekgjunevn72thvasz,image,jpg,74717,2026-07-08T18:25:33Z,https://res.cloudinary.com/dlhrc91ne/image/upload/v1783535133/vmzekgjunevn72thvasz.jpg
lw26ydhwanopdkuokeht,image,jpg,241233,2026-07-08T18:25:33Z,https://res.cloudinary.com/dlhrc91ne/image/upload/v1783535133/lw26ydhwanopdkuokeht.jpg
rxmnh8glweec0qbmskjb,image,jpg,244440,2026-07-08T18:25:32Z,https://res.cloudinary.com/dlhrc91ne/image/upload/v1783535132/rxmnh8glweec0qbmskjb.jpg
jrlqtlxqpyde8ka3uzlq,image,jpg,74308,2026-07-08T18:25:31Z,https://res.cloudinary.com/dlhrc91ne/image/upload/v1783535131/jrlqtlxqpyde8ka3uzlq.jpg
qcf1gvcekgotqb0116pb,image,jpg,237311,2026-07-08T18:25:30Z,https://res.cloudinary.com/dlhrc91ne/image/upload/v1783535130/qcf1gvcekgotqb0116pb.jpg
d1y4zfodft5fsq8lledz,image,jpg,240392,2026-07-08T18:25:29Z,https://res.cloudinary.com/dlhrc91ne/image/upload/v1783535129/d1y4zfodft5fsq8lledz.jpg
ddzj8b4p3msj8rbl32xm,image,jpg,74541,2026-07-08T18:25:28Z,https://res.cloudinary.com/dlhrc91ne/image/upload/v1783535128/ddzj8b4p3msj8rbl32xm.jpg
yyzwgd08zvqptnkhq32v,image,jpg,239806,2026-07-08T18:25:28Z,https://res.cloudinary.com/dlhrc91ne/image/upload/v1783535128/yyzwgd08zvqptnkhq32v.jpg
saborhdlqnzerohilbj7,image,jpg,243418,2026-07-08T18:25:27Z,https://res.cloudinary.com/dlhrc91ne/image/upload/v1783535127/saborhdlqnzerohilbj7.jpg
oh2p4b4putmcrozjrvsi,image,jpg,75332,2026-07-08T18:25:26Z,https://res.cloudinary.com/dlhrc91ne/image/upload/v1783535126/oh2p4b4putmcrozjrvsi.jpg
lpmsbx0n0wlunrucalvf,image,jpg,244739,2026-07-08T18:25:26Z,https://res.cloudinary.com/dlhrc91ne/image/upload/v1783535126/lpmsbx0n0wlunrucalvf.jpg
pbbzwbrhd7jgzw9ilt5i,image,jpg,247030,2026-07-08T18:25:25Z,https://res.cloudinary.com/dlhrc91ne/image/upload/v1783535125/pbbzwbrhd7jgzw9ilt5i.jpg
thvcpig8fgqjpzxj3es1,image,jpg,76507,2026-07-08T18:25:24Z,https://res.cloudinary.com/dlhrc91ne/image/upload/v1783535124/thvcpig8fgqjpzxj3es1.jpg
sraaa6spe7tdqjhehutr,image,jpg,254527,2026-07-08T18:25:23Z,https://res.cloudinary.com/dlhrc91ne/image/upload/v1783535123/sraaa6spe7tdqjhehutr.jpg
s5z9txlbkgjrw1kaa2qh,image,jpg,255308,2026-07-08T18:25:23Z,https://res.cloudinary.com/dlhrc91ne/image/upload/v1783535123/s5z9txlbkgjrw1kaa2qh.jpg
ifkfkskrollgpwomc11j,image,jpg,75097,2026-07-08T18:25:22Z,https://res.cloudinary.com/dlhrc91ne/image/upload/v1783535122/ifkfkskrollgpwomc11j.jpg
kr9b54v7t8bzh66ae8ux,image,jpg,247488,2026-07-08T18:25:21Z,https://res.cloudinary.com/dlhrc91ne/image/upload/v1783535121/kr9b54v7t8bzh66ae8ux.jpg
yliok0rrzmma3bd3nd0c,image,jpg,249586,2026-07-08T18:25:20Z,https://res.cloudinary.com/dlhrc91ne/image/upload/v1783535120/yliok0rrzmma3bd3nd0c.jpg
of1kjggywfav9pd8oiov,image,jpg,80675,2026-07-08T18:25:20Z,https://res.cloudinary.com/dlhrc91ne/image/upload/v1783535120/of1kjggywfav9pd8oiov.jpg
bx65u6mcxmzffbre7gef,image,jpg,255307,2026-07-08T18:25:19Z,https://res.cloudinary.com/dlhrc91ne/image/upload/v1783535119/bx65u6mcxmzffbre7gef.jpg
wjug4vdnbiml1i0ygzqh,image,jpg,253449,2026-07-08T18:25:18Z,https://res.cloudinary.com/dlhrc91ne/image/upload/v1783535118/wjug4vdnbiml1i0ygzqh.jpg
sj4thyamupzv0wpxwffr,image,jpg,80451,2026-07-08T18:25:17Z,https://res.cloudinary.com/dlhrc91ne/image/upload/v1783535117/sj4thyamupzv0wpxwffr.jpg
wozbawjfnawkyljcanqj,image,jpg,248484,2026-07-08T18:25:16Z,https://res.cloudinary.com/dlhrc91ne/image/upload/v1783535116/wozbawjfnawkyljcanqj.jpg
h155c0etcmthjsi75jre,image,jpg,247618,2026-07-08T18:25:16Z,https://res.cloudinary.com/dlhrc91ne/image/upload/v1783535116/h155c0etcmthjsi75jre.jpg
npouw9ozdrilkkyegqks,image,jpg,64582,2026-07-08T17:55:53Z,https://res.cloudinary.com/dlhrc91ne/image/upload/v1783533353/npouw9ozdrilkkyegqks.jpg
nuxoiaxa2bhvazlysztc,image,jpg,249345,2026-07-08T17:55:52Z,https://res.cloudinary.com/dlhrc91ne/image/upload/v1783533352/nuxoiaxa2bhvazlysztc.jpg
a8dwr7vfed4hoe9c0bnn,image,jpg,260669,2026-07-08T17:55:52Z,https://res.cloudinary.com/dlhrc91ne/image/upload/v1783533352/a8dwr7vfed4hoe9c0bnn.jpg
wkrbzbkumw1vr2dhcig7,image,jpg,64060,2026-07-08T17:34:47Z,https://res.cloudinary.com/dlhrc91ne/image/upload/v1783532087/wkrbzbkumw1vr2dhcig7.jpg
innyeuclhsnfs6mechnw,image,jpg,238840,2026-07-08T17:34:46Z,https://res.cloudinary.com/dlhrc91ne/image/upload/v1783532086/innyeuclhsnfs6mechnw.jpg
fusl5pjbffbtxorq5vav,image,jpg,238625,2026-07-08T17:34:46Z,https://res.cloudinary.com/dlhrc91ne/image/upload/v1783532086/fusl5pjbffbtxorq5vav.jpg
gzzoqurcvbdsvxrrg1nc,image,jpg,64140,2026-07-08T17:34:45Z,https://res.cloudinary.com/dlhrc91ne/image/upload/v1783532085/gzzoqurcvbdsvxrrg1nc.jpg
dpabqz1zb1sbpjuhy9u0,image,jpg,240880,2026-07-08T17:34:44Z,https://res.cloudinary.com/dlhrc91ne/image/upload/v1783532084/dpabqz1zb1sbpjuhy9u0.jpg
srielhgr2li9nb02lobc,image,jpg,240010,2026-07-08T17:34:44Z,https://res.cloudinary.com/dlhrc91ne/image/upload/v1783532084/srielhgr2li9nb02lobc.jpg
xp0kbohgtktnvz1zvemw,image,jpg,64360,2026-07-08T17:34:42Z,https://res.cloudinary.com/dlhrc91ne/image/upload/v1783532082/xp0kbohgtktnvz1zvemw.jpg
kwkt46gsmdlfmtypi9qu,image,jpg,244926,2026-07-08T17:34:41Z,https://res.cloudinary.com/dlhrc91ne/image/upload/v1783532081/kwkt46gsmdlfmtypi9qu.jpg
y2xycquv5xnkiwp2nc38,image,jpg,244440,2026-07-08T17:34:40Z,https://res.cloudinary.com/dlhrc91ne/image/upload/v1783532080/y2xycquv5xnkiwp2nc38.jpg
owyzogv9cobhf1tqwbeo,image,jpg,64349,2026-07-08T17:34:40Z,https://res.cloudinary.com/dlhrc91ne/image/upload/v1783532080/owyzogv9cobhf1tqwbeo.jpg
pbpyrgmg5a0zqd9kpoi2,image,jpg,241363,2026-07-08T17:34:39Z,https://res.cloudinary.com/dlhrc91ne/image/upload/v1783532079/pbpyrgmg5a0zqd9kpoi2.jpg
qh4oqtcjetslo8iueoh0,image,jpg,240392,2026-07-08T17:34:38Z,https://res.cloudinary.com/dlhrc91ne/image/upload/v1783532078/qh4oqtcjetslo8iueoh0.jpg
ss1xzwdrumzlitqmiost,image,jpg,64386,2026-07-08T17:34:38Z,https://res.cloudinary.com/dlhrc91ne/image/upload/v1783532078/ss1xzwdrumzlitqmiost.jpg
twmuslnari5owaged7w5,image,jpg,244173,2026-07-08T17:34:37Z,https://res.cloudinary.com/dlhrc91ne/image/upload/v1783532077/twmuslnari5owaged7w5.jpg
fjiu8wfnfmvga4t5d10q,image,jpg,243418,2026-07-08T17:34:36Z,https://res.cloudinary.com/dlhrc91ne/image/upload/v1783532076/fjiu8wfnfmvga4t5d10q.jpg
c2woghhshrvklzecojpu,image,jpg,64529,2026-07-08T17:34:35Z,https://res.cloudinary.com/dlhrc91ne/image/upload/v1783532075/c2woghhshrvklzecojpu.jpg
zshpp59ylrm0zpbrkqjv,image,jpg,248678,2026-07-08T17:34:35Z,https://res.cloudinary.com/dlhrc91ne/image/upload/v1783532075/zshpp59ylrm0zpbrkqjv.jpg
eyz6gejjtsx73uqip9uw,image,jpg,247030,2026-07-08T17:34:34Z,https://res.cloudinary.com/dlhrc91ne/image/upload/v1783532074/eyz6gejjtsx73uqip9uw.jpg
itemx5f2er4u4r17e59b,image,jpg,65104,2026-07-08T17:34:33Z,https://res.cloudinary.com/dlhrc91ne/image/upload/v1783532073/itemx5f2er4u4r17e59b.jpg
ytbcmwhse4snimjxpfml,image,jpg,258868,2026-07-08T17:34:32Z,https://res.cloudinary.com/dlhrc91ne/image/upload/v1783532072/ytbcmwhse4snimjxpfml.jpg
e2rl31ekhh214tjyaaca,image,jpg,255308,2026-07-08T17:34:32Z,https://res.cloudinary.com/dlhrc91ne/image/upload/v1783532072/e2rl31ekhh214tjyaaca.jpg
lsvtsywz9tw97dqjcizk,image,jpg,64870,2026-07-08T17:34:31Z,https://res.cloudinary.com/dlhrc91ne/image/upload/v1783532071/lsvtsywz9tw97dqjcizk.jpg
kbdx1rkw3b7tlojjbzhw,image,jpg,252258,2026-07-08T17:34:30Z,https://res.cloudinary.com/dlhrc91ne/image/upload/v1783532070/kbdx1rkw3b7tlojjbzhw.jpg
pro6s0vuht3fgg0vorge,image,jpg,249586,2026-07-08T17:34:30Z,https://res.cloudinary.com/dlhrc91ne/image/upload/v1783532070/pro6s0vuht3fgg0vorge.jpg
xfv2m5vsssq83vtqy1vp,image,jpg,64582,2026-07-08T17:34:29Z,https://res.cloudinary.com/dlhrc91ne/image/upload/v1783532069/xfv2m5vsssq83vtqy1vp.jpg
uyrijn5c8nolfrkq9rko,image,jpg,249345,2026-07-08T17:34:28Z,https://res.cloudinary.com/dlhrc91ne/image/upload/v1783532068/uyrijn5c8nolfrkq9rko.jpg
qd3vctaag3dk1nr3de9q,image,jpg,247492,2026-07-08T17:34:28Z,https://res.cloudinary.com/dlhrc91ne/image/upload/v1783532068/qd3vctaag3dk1nr3de9q.jpg
evxmyn8lwjouypqm1sb7,image,jpg,64251,2026-07-08T17:34:27Z,https://res.cloudinary.com/dlhrc91ne/image/upload/v1783532067/evxmyn8lwjouypqm1sb7.jpg
il5ndivr6ybann9yww5q,image,jpg,240431,2026-07-08T17:34:26Z,https://res.cloudinary.com/dlhrc91ne/image/upload/v1783532066/il5ndivr6ybann9yww5q.jpg
nanevxenrfjwinhvbf9c,image,jpg,247618,2026-07-08T17:34:25Z,https://res.cloudinary.com/dlhrc91ne/image/upload/v1783532065/nanevxenrfjwinhvbf9c.jpg
cp7dwcwpkul3k0wttsfj,image,jpg,81223,2026-07-07T22:33:28Z,https://res.cloudinary.com/dlhrc91ne/image/upload/v1783463608/cp7dwcwpkul3k0wttsfj.jpg
lc1anlc7yfybnubw8nqw,image,jpg,245714,2026-07-07T22:33:28Z,https://res.cloudinary.com/dlhrc91ne/image/upload/v1783463608/lc1anlc7yfybnubw8nqw.jpg
qdtn385wxib7ohib5ghv,image,jpg,238589,2026-07-07T22:33:26Z,https://res.cloudinary.com/dlhrc91ne/image/upload/v1783463606/qdtn385wxib7ohib5ghv.jpg
ovccdy0u4lfzcacbe9dz,image,jpg,81031,2026-07-07T22:33:26Z,https://res.cloudinary.com/dlhrc91ne/image/upload/v1783463606/ovccdy0u4lfzcacbe9dz.jpg
hml0z8jt3wkynby6kzn0,image,jpg,247142,2026-07-07T22:33:25Z,https://res.cloudinary.com/dlhrc91ne/image/upload/v1783463605/hml0z8jt3wkynby6kzn0.jpg
rfropclz46fmpus1pyaz,image,jpg,239992,2026-07-07T22:33:25Z,https://res.cloudinary.com/dlhrc91ne/image/upload/v1783463605/rfropclz46fmpus1pyaz.jpg
sf6fqotihzlnk1g9kgub,image,jpg,82049,2026-07-07T22:33:24Z,https://res.cloudinary.com/dlhrc91ne/image/upload/v1783463604/sf6fqotihzlnk1g9kgub.jpg
bnhrxrcxnruhngklzmdh,image,jpg,251569,2026-07-07T22:33:23Z,https://res.cloudinary.com/dlhrc91ne/image/upload/v1783463603/bnhrxrcxnruhngklzmdh.jpg
svhubmkrrcn5zbsn6q36,image,jpg,244404,2026-07-07T22:33:22Z,https://res.cloudinary.com/dlhrc91ne/image/upload/v1783463602/svhubmkrrcn5zbsn6q36.jpg
iqw2v1frszsuxqfwrofi,image,jpg,81663,2026-07-07T22:33:22Z,https://res.cloudinary.com/dlhrc91ne/image/upload/v1783463602/iqw2v1frszsuxqfwrofi.jpg
e02qzm2hwf4webavcstb,image,jpg,247856,2026-07-07T22:33:21Z,https://res.cloudinary.com/dlhrc91ne/image/upload/v1783463601/e02qzm2hwf4webavcstb.jpg
pporslmcioyg2rccut4u,image,jpg,240377,2026-07-07T22:33:21Z,https://res.cloudinary.com/dlhrc91ne/image/upload/v1783463601/pporslmcioyg2rccut4u.jpg
u8cralli58gtqe9odabp,image,jpg,82258,2026-07-07T22:33:20Z,https://res.cloudinary.com/dlhrc91ne/image/upload/v1783463600/u8cralli58gtqe9odabp.jpg
dmkadhsj7rcjk8zh9bff,image,jpg,251311,2026-07-07T22:33:19Z,https://res.cloudinary.com/dlhrc91ne/image/upload/v1783463599/dmkadhsj7rcjk8zh9bff.jpg
gihoe9rd2nayibufswhq,image,jpg,243396,2026-07-07T22:33:18Z,https://res.cloudinary.com/dlhrc91ne/image/upload/v1783463598/gihoe9rd2nayibufswhq.jpg
sxjyjskflongalpjy8nr,image,jpg,83069,2026-07-07T22:33:17Z,https://res.cloudinary.com/dlhrc91ne/image/upload/v1783463597/sxjyjskflongalpjy8nr.jpg
n26ak2lxiedggiffwakr,image,jpg,254822,2026-07-07T22:33:17Z,https://res.cloudinary.com/dlhrc91ne/image/upload/v1783463597/n26ak2lxiedggiffwakr.jpg
esgf0jttbewm4p1mrex7,image,jpg,247040,2026-07-07T22:33:16Z,https://res.cloudinary.com/dlhrc91ne/image/upload/v1783463596/esgf0jttbewm4p1mrex7.jpg
zsgldybzh6yomdiduthq,image,jpg,86049,2026-07-07T22:33:15Z,https://res.cloudinary.com/dlhrc91ne/image/upload/v1783463595/zsgldybzh6yomdiduthq.jpg
entjuocx2cwpshdsxlk3,image,jpg,264017,2026-07-07T22:33:15Z,https://res.cloudinary.com/dlhrc91ne/image/upload/v1783463595/entjuocx2cwpshdsxlk3.jpg
ya5yal5vu1lzuy9bztck,image,jpg,255325,2026-07-07T22:33:14Z,https://res.cloudinary.com/dlhrc91ne/image/upload/v1783463594/ya5yal5vu1lzuy9bztck.jpg
z6a59tduozwohacfs0us,image,jpg,82640,2026-07-07T22:33:12Z,https://res.cloudinary.com/dlhrc91ne/image/upload/v1783463592/z6a59tduozwohacfs0us.jpg
hndceh5bcctjt56quga3,image,jpg,258270,2026-07-07T22:33:11Z,https://res.cloudinary.com/dlhrc91ne/image/upload/v1783463591/hndceh5bcctjt56quga3.jpg
ap5ddyq1u8t4ald8e1ds,image,jpg,249580,2026-07-07T22:33:11Z,https://res.cloudinary.com/dlhrc91ne/image/upload/v1783463591/ap5ddyq1u8t4ald8e1ds.jpg
pnjcrkeovwpdty8rgquu,image,jpg,83248,2026-07-07T22:33:09Z,https://res.cloudinary.com/dlhrc91ne/image/upload/v1783463589/pnjcrkeovwpdty8rgquu.jpg
piw7mj2we3i7lybk6a4x,image,jpg,255640,2026-07-07T22:33:08Z,https://res.cloudinary.com/dlhrc91ne/image/upload/v1783463588/piw7mj2we3i7lybk6a4x.jpg
xdwbwfrqmycoccdtrskm,image,jpg,247493,2026-07-07T22:33:08Z,https://res.cloudinary.com/dlhrc91ne/image/upload/v1783463588/xdwbwfrqmycoccdtrskm.jpg
ohb2d4xpocnnswftblbl,image,jpg,80728,2026-07-07T22:33:07Z,https://res.cloudinary.com/dlhrc91ne/image/upload/v1783463587/ohb2d4xpocnnswftblbl.jpg
c2mijhmgesqzurlfevs3,image,jpg,247667,2026-07-07T22:33:06Z,https://res.cloudinary.com/dlhrc91ne/image/upload/v1783463586/c2mijhmgesqzurlfevs3.jpg
oajxyfgjtgalpu73yas7,image,jpg,239967,2026-07-07T22:33:05Z,https://res.cloudinary.com/dlhrc91ne/image/upload/v1783463585/oajxyfgjtgalpu73yas7.jpg
tour_2d9de602-479d-4a23-af8b-c924aa0aceb4_print_1783463102076,image,jpg,2576395,2026-07-07T22:25:02Z,https://res.cloudinary.com/dlhrc91ne/image/upload/v1783463102/tour_2d9de602-479d-4a23-af8b-c924aa0aceb4_print_1783463102076.jpg
tour_2d9de602-479d-4a23-af8b-c924aa0aceb4_print_1783461374392,image,jpg,916954,2026-07-07T21:56:14Z,https://res.cloudinary.com/dlhrc91ne/image/upload/v1783461374/tour_2d9de602-479d-4a23-af8b-c924aa0aceb4_print_1783461374392.jpg
tour_2d9de602-479d-4a23-af8b-c924aa0aceb4_print_1783461169788,image,jpg,918901,2026-07-07T21:52:50Z,https://res.cloudinary.com/dlhrc91ne/image/upload/v1783461170/tour_2d9de602-479d-4a23-af8b-c924aa0aceb4_print_1783461169788.jpg
tour_2d9de602-479d-4a23-af8b-c924aa0aceb4_ig_story_1783460324414,image,jpg,804513,2026-07-07T21:38:45Z,https://res.cloudinary.com/dlhrc91ne/image/upload/v1783460325/tour_2d9de602-479d-4a23-af8b-c924aa0aceb4_ig_story_1783460324414.jpg
tour_2d9de602-479d-4a23-af8b-c924aa0aceb4_ig_story_1783459929362,image,jpg,793448,2026-07-07T21:32:10Z,https://res.cloudinary.com/dlhrc91ne/image/upload/v1783459930/tour_2d9de602-479d-4a23-af8b-c924aa0aceb4_ig_story_1783459929362.jpg
tour_2d9de602-479d-4a23-af8b-c924aa0aceb4_ig_story_1783459658705,image,jpg,805863,2026-07-07T21:27:39Z,https://res.cloudinary.com/dlhrc91ne/image/upload/v1783459659/tour_2d9de602-479d-4a23-af8b-c924aa0aceb4_ig_story_1783459658705.jpg
tour_2d9de602-479d-4a23-af8b-c924aa0aceb4_ig_story_1783459355203,image,jpg,783231,2026-07-07T21:22:35Z,https://res.cloudinary.com/dlhrc91ne/image/upload/v1783459355/tour_2d9de602-479d-4a23-af8b-c924aa0aceb4_ig_story_1783459355203.jpg
tour_2d9de602-479d-4a23-af8b-c924aa0aceb4_ig_post_1783459193370,image,jpg,838685,2026-07-07T21:19:53Z,https://res.cloudinary.com/dlhrc91ne/image/upload/v1783459193/tour_2d9de602-479d-4a23-af8b-c924aa0aceb4_ig_post_1783459193370.jpg
tour_2d9de602-479d-4a23-af8b-c924aa0aceb4_ig_story_1783459069782,image,jpg,782000,2026-07-07T21:17:49Z,https://res.cloudinary.com/dlhrc91ne/image/upload/v1783459069/tour_2d9de602-479d-4a23-af8b-c924aa0aceb4_ig_story_1783459069782.jpg
tour_2d9de602-479d-4a23-af8b-c924aa0aceb4_ig_post_1783458965770,image,jpg,727550,2026-07-07T21:16:06Z,https://res.cloudinary.com/dlhrc91ne/image/upload/v1783458966/tour_2d9de602-479d-4a23-af8b-c924aa0aceb4_ig_post_1783458965770.jpg
tour_2d9de602-479d-4a23-af8b-c924aa0aceb4_facebook_1783458553304,image,jpg,3206996,2026-07-07T21:09:13Z,https://res.cloudinary.com/dlhrc91ne/image/upload/v1783458553/tour_2d9de602-479d-4a23-af8b-c924aa0aceb4_facebook_1783458553304.jpg
tour_2d9de602-479d-4a23-af8b-c924aa0aceb4_ig_post_1783458443108,image,jpg,828734,2026-07-07T21:07:23Z,https://res.cloudinary.com/dlhrc91ne/image/upload/v1783458443/tour_2d9de602-479d-4a23-af8b-c924aa0aceb4_ig_post_1783458443108.jpg
tour_2d9de602-479d-4a23-af8b-c924aa0aceb4_ig_post_1783458297397,image,jpg,3206996,2026-07-07T21:04:57Z,https://res.cloudinary.com/dlhrc91ne/image/upload/v1783458297/tour_2d9de602-479d-4a23-af8b-c924aa0aceb4_ig_post_1783458297397.jpg
tour_2d9de602-479d-4a23-af8b-c924aa0aceb4_ig_story_1783458103609,image,jpg,3206996,2026-07-07T21:01:44Z,https://res.cloudinary.com/dlhrc91ne/image/upload/v1783458104/tour_2d9de602-479d-4a23-af8b-c924aa0aceb4_ig_story_1783458103609.jpg
zabiwzffmmjl63sehxrk,image,jpg,388887,2026-06-18T16:08:07Z,https://res.cloudinary.com/dlhrc91ne/image/upload/v1781798887/zabiwzffmmjl63sehxrk.jpg
typghxtk5sybaxy56gud,image,jpg,383890,2026-06-18T16:08:06Z,https://res.cloudinary.com/dlhrc91ne/image/upload/v1781798886/typghxtk5sybaxy56gud.jpg
tpjrgop7yloetqvohg5b,image,jpg,387386,2026-06-18T16:08:04Z,https://res.cloudinary.com/dlhrc91ne/image/upload/v1781798884/tpjrgop7yloetqvohg5b.jpg
zwopbmwrzbqg9cdx81zb,image,jpg,385442,2026-06-18T16:08:03Z,https://res.cloudinary.com/dlhrc91ne/image/upload/v1781798883/zwopbmwrzbqg9cdx81zb.jpg
fcnmm1sgsrp6wcjzt3cu,image,jpg,386229,2026-06-18T16:08:02Z,https://res.cloudinary.com/dlhrc91ne/image/upload/v1781798882/fcnmm1sgsrp6wcjzt3cu.jpg
o6vas5wzrfo5y1x1nvkk,image,jpg,386570,2026-06-18T16:08:01Z,https://res.cloudinary.com/dlhrc91ne/image/upload/v1781798881/o6vas5wzrfo5y1x1nvkk.jpg
ojqf3trluzc3t2ptsave,image,jpg,384567,2026-06-18T16:08:00Z,https://res.cloudinary.com/dlhrc91ne/image/upload/v1781798880/ojqf3trluzc3t2ptsave.jpg
ln5jouweif3rkgdbgylk,image,jpg,386219,2026-06-18T16:07:59Z,https://res.cloudinary.com/dlhrc91ne/image/upload/v1781798879/ln5jouweif3rkgdbgylk.jpg
tour_be3fbd67-1a32-4cd7-bae6-1064c3a91282_ig_post_1781798647004,image,png,2618985,2026-06-18T16:04:09Z,https://res.cloudinary.com/dlhrc91ne/image/upload/v1781798649/tour_be3fbd67-1a32-4cd7-bae6-1064c3a91282_ig_post_1781798647004.png
tour_34ea1b12-dc19-4600-af2d-1fa899a08e63_yt_shorts_1784655509064,video,mp4,1229343,2026-07-21T17:38:29Z,https://res.cloudinary.com/dlhrc91ne/video/upload/v1784655509/tour_34ea1b12-dc19-4600-af2d-1fa899a08e63_yt_shorts_1784655509064.mp4
tour_34ea1b12-dc19-4600-af2d-1fa899a08e63_tiktok_1784578893678,video,mp4,1385723,2026-07-20T20:21:34Z,https://res.cloudinary.com/dlhrc91ne/video/upload/v1784578894/tour_34ea1b12-dc19-4600-af2d-1fa899a08e63_tiktok_1784578893678.mp4
tour_d46f73a2-b0cb-472c-b50b-a8280dba6221_tiktok_1784571834130,video,mp4,75957922,2026-07-20T18:24:27Z,https://res.cloudinary.com/dlhrc91ne/video/upload/v1784571867/tour_d46f73a2-b0cb-472c-b50b-a8280dba6221_tiktok_1784571834130.mp4
tour_d46f73a2-b0cb-472c-b50b-a8280dba6221_yt_shorts_1784571795724,video,mp4,37053323,2026-07-20T18:23:33Z,https://res.cloudinary.com/dlhrc91ne/video/upload/v1784571813/tour_d46f73a2-b0cb-472c-b50b-a8280dba6221_yt_shorts_1784571795724.mp4
tour_0d971128-98bc-402c-b43c-558be03ea979_yt_shorts_1784326178386,video,mov,3097388,2026-07-17T22:09:39Z,https://res.cloudinary.com/dlhrc91ne/video/upload/v1784326179/tour_0d971128-98bc-402c-b43c-558be03ea979_yt_shorts_1784326178386.mov
tour_0d971128-98bc-402c-b43c-558be03ea979_tiktok_1784326173696,video,mov,3097388,2026-07-17T22:09:37Z,https://res.cloudinary.com/dlhrc91ne/video/upload/v1784326177/tour_0d971128-98bc-402c-b43c-558be03ea979_tiktok_1784326173696.mov
tour_436ae367-1511-497a-a27e-fefc17658631_tiktok_1784322591295,video,mp4,49657910,2026-07-17T21:10:10Z,https://res.cloudinary.com/dlhrc91ne/video/upload/v1784322610/tour_436ae367-1511-497a-a27e-fefc17658631_tiktok_1784322591295.mp4
tour_436ae367-1511-497a-a27e-fefc17658631_yt_shorts_1784322415074,video,mp4,33125357,2026-07-17T21:07:09Z,https://res.cloudinary.com/dlhrc91ne/video/upload/v1784322429/tour_436ae367-1511-497a-a27e-fefc17658631_yt_shorts_1784322415074.mp4
tour_0d971128-98bc-402c-b43c-558be03ea979_yt_shorts_1784309701955,video,mov,3097388,2026-07-17T17:35:02Z,https://res.cloudinary.com/dlhrc91ne/video/upload/v1784309702/tour_0d971128-98bc-402c-b43c-558be03ea979_yt_shorts_1784309701955.mov
tour_0d971128-98bc-402c-b43c-558be03ea979_yt_shorts_1784309612051,video,mp4,1010947,2026-07-17T17:33:32Z,https://res.cloudinary.com/dlhrc91ne/video/upload/v1784309612/tour_0d971128-98bc-402c-b43c-558be03ea979_yt_shorts_1784309612051.mp4
tour_0d971128-98bc-402c-b43c-558be03ea979_tiktok_1784309583547,video,mp4,1010947,2026-07-17T17:33:04Z,https://res.cloudinary.com/dlhrc91ne/video/upload/v1784309584/tour_0d971128-98bc-402c-b43c-558be03ea979_tiktok_1784309583547.mp4
tour_09de230a-a89d-4985-8097-93c5d90f1bd9_tiktok_1784051155164,video,mp4,40246878,2026-07-14T17:46:12Z,https://res.cloudinary.com/dlhrc91ne/video/upload/v1784051172/tour_09de230a-a89d-4985-8097-93c5d90f1bd9_tiktok_1784051155164.mp4
tour_09de230a-a89d-4985-8097-93c5d90f1bd9_yt_shorts_1784051125209,video,mp4,35133086,2026-07-14T17:45:39Z,https://res.cloudinary.com/dlhrc91ne/video/upload/v1784051139/tour_09de230a-a89d-4985-8097-93c5d90f1bd9_yt_shorts_1784051125209.mp4
tour_2d9de602-479d-4a23-af8b-c924aa0aceb4_tiktok_1783463400124,video,mp4,1010947,2026-07-07T22:30:00Z,https://res.cloudinary.com/dlhrc91ne/video/upload/v1783463400/tour_2d9de602-479d-4a23-af8b-c924aa0aceb4_tiktok_1783463400124.mp4
tour_2d9de602-479d-4a23-af8b-c924aa0aceb4_yt_shorts_1783463287654,video,mov,3097388,2026-07-07T22:28:08Z,https://res.cloudinary.com/dlhrc91ne/video/upload/v1783463288/tour_2d9de602-479d-4a23-af8b-c924aa0aceb4_yt_shorts_1783463287654.mov
tour_be3fbd67-1a32-4cd7-bae6-1064c3a91282_tiktok_1781798675682,video,mp4,75957922,2026-06-18T16:05:09Z,https://res.cloudinary.com/dlhrc91ne/video/upload/v1781798709/tour_be3fbd67-1a32-4cd7-bae6-1064c3a91282_tiktok_1781798675682.mp4
tour_be3fbd67-1a32-4cd7-bae6-1064c3a91282_yt_shorts_1781798662741,video,mp4,37053323,2026-06-18T16:04:47Z,https://res.cloudinary.com/dlhrc91ne/video/upload/v1781798687/tour_be3fbd67-1a32-4cd7-bae6-1064c3a91282_yt_shorts_1781798662741.mp4
